tile,patch,versionStem,file,sha256,width,height,historicalFile,record,recordSha256,recordRawShaMatchesHistorical,formalAccepted
r08_c07,r04_c01,r04_c01.v2,E:\work\image\qdao_city_tiles_4k_20260916\builtin_q64_production\resume_single_city_20260921\next_tile_r08_c07\native\r04_c01.v2.png,1319b880deb6e15666367215e3d70ba1ef1ae504ff0e889835d64eae6c62ba5e,1254,1254,D:\luyuan\wuxingqitan\image\qdao_city_tiles_4k_20260916\builtin_q64_production\resume_single_city_20260921\next_tile_r08_c07\native\r04_c01.v2.png,E:\work\image\qdao_city_tiles_4k_20260916\builtin_q64_production\resume_single_city_20260921\next_tile_r08_c07\native\r04_c01.v2.record.json,d85d9e26b245ee5174ef446fab8b865174986219b6f15d654292eab85b52e789,True,False
r08_c07,r04_c02,r04_c02.v2,E:\work\image\qdao_city_tiles_4k_20260916\builtin_q64_production\resume_single_city_20260921\next_tile_r08_c07\native\r04_c02.v2.png,c2007cf8f8ee20208b23ca029b53ea797986b3035c4354d04625055921cdabe8,1254,1254,D:\luyuan\wuxingqitan\image\qdao_city_tiles_4k_20260916\builtin_q64_production\resume_single_city_20260921\next_tile_r08_c07\native\r04_c02.v2.png,E:\work\image\qdao_city_tiles_4k_20260916\builtin_q64_production\resume_single_city_20260921\next_tile_r08_c07\native\r04_c02.v2.record.json,248abd5f6ef79b76c46243f34ca09fcc583a0e7e9b5fe128785762c2e054c440,True,False
r08_c07,r04_c03,r04_c03.v2,E:\work\image\qdao_city_tiles_4k_20260916\builtin_q64_production\resume_single_city_20260921\next_tile_r08_c07\native\r04_c03.v2.png,de584c0db6915a81690239f806fef4aa5c08181fcfe58533c34c389f27057eec,1254,1254,D:\luyuan\wuxingqitan\image\qdao_city_tiles_4k_20260916\builtin_q64_production\resume_single_city_20260921\next_tile_r08_c07\native\r04_c03.v2.png,E:\work\image\qdao_city_tiles_4k_20260916\builtin_q64_production\resume_single_city_20260921\next_tile_r08_c07\native\r04_c03.v2.record.json,fb571325912f108a03cbfa30b84e069d3111e3526c72982057c79b9e0573d098,True,False
r08_c07,r04_c04,r04_c04,E:\work\image\qdao_city_tiles_4k_20260916\builtin_q64_production\resume_single_city_20260921\next_tile_r08_c07\native\r04_c04.png,e93835e5589e506bf956ddad02e04dc5e9a1f99de5b66483594a5fce070a4614,1254,1254,D:\luyuan\wuxingqitan\image\qdao_city_tiles_4k_20260916\builtin_q64_production\resume_single_city_20260921\next_tile_r08_c07\native\r04_c04.png,E:\work\image\qdao_city_tiles_4k_20260916\builtin_q64_production\resume_single_city_20260921\next_tile_r08_c07\native\r04_c04.record.json,3f3ff326bf5c7172cdb7028f82374d5aca77b08a404e323c4bf12b1eb528aacd,True,False
r08_c07,r03_c01,r03_c01,E:\work\image\qdao_city_tiles_4k_20260916\builtin_q64_production\resume_single_city_20260921\next_tile_r08_c07\native\r03_c01.png,7c48c8c8bb47cd248519b879baa4b82f5fa16230d264fc61da52fe94a0f1ec28,1254,1254,D:\luyuan\wuxingqitan\image\qdao_city_tiles_4k_20260916\builtin_q64_production\resume_single_city_20260921\next_tile_r08_c07\native\r03_c01.png,E:\work\image\qdao_city_tiles_4k_20260916\builtin_q64_production\resume_single_city_20260921\next_tile_r08_c07\native\r03_c01.record.json,356dfa4ff539bd044b0ec5f995ef61c24707ca9cadf6aa1b0238ead2666a71c9,True,False
r08_c07,r03_c02,r03_c02,E:\work\image\qdao_city_tiles_4k_20260916\builtin_q64_production\resume_single_city_20260921\next_tile_r08_c07\native\r03_c02.png,228e4d0c250dc694e053c5c0554ab8bb6bccba7ac6940375d536849a4b013ddb,1254,1254,D:\luyuan\wuxingqitan\image\qdao_city_tiles_4k_20260916\builtin_q64_production\resume_single_city_20260921\next_tile_r08_c07\native\r03_c02.png,E:\work\image\qdao_city_tiles_4k_20260916\builtin_q64_production\resume_single_city_20260921\next_tile_r08_c07\native\r03_c02.record.json,4579d4caf3c6a2323f79dde1332c36043d607a182f29854680dcaa3d868ca24c,True,False
r08_c07,r03_c03,r03_c03,E:\work\image\qdao_city_tiles_4k_20260916\builtin_q64_production\resume_single_city_20260921\next_tile_r08_c07\native\r03_c03.png,ba3863820d72d0b7c0304f9c9972ac356a12b47256bece848d3830b4f5b9ffbb,1254,1254,D:\luyuan\wuxingqitan\image\qdao_city_tiles_4k_20260916\builtin_q64_production\resume_single_city_20260921\next_tile_r08_c07\native\r03_c03.png,E:\work\image\qdao_city_tiles_4k_20260916\builtin_q64_production\resume_single_city_20260921\next_tile_r08_c07\native\r03_c03.record.json,90278d0a2ac63436ba6229e6da89f493d12e6bc7419d26d35666829f020fa28b,True,False
r08_c07,r03_c04,r03_c04,E:\work\image\qdao_city_tiles_4k_20260916\builtin_q64_production\resume_single_city_20260921\next_tile_r08_c07\native\r03_c04.png,bfc4e8f969c5bb9c3d1436b78682952f82fe6985f72d8010de9e31387b46f6b3,1254,1254,D:\luyuan\wuxingqitan\image\qdao_city_tiles_4k_20260916\builtin_q64_production\resume_single_city_20260921\next_tile_r08_c07\native\r03_c04.png,E:\work\image\qdao_city_tiles_4k_20260916\builtin_q64_production\resume_single_city_20260921\next_tile_r08_c07\native\r03_c04.record.json,59f703f8c70da4bb72071032258fb00fba1bed3af8d7415ef36a3540042bf050,True,False
r08_c07,r02_c01,r02_c01,E:\work\image\qdao_city_tiles_4k_20260916\builtin_q64_production\resume_single_city_20260921\next_tile_r08_c07\native\r02_c01.png,e206c1b874873fa610e7c28e671fd3ef41350141ba5c57405c38f244e21ff6f6,1254,1254,D:\luyuan\wuxingqitan\image\qdao_city_tiles_4k_20260916\builtin_q64_production\resume_single_city_20260921\next_tile_r08_c07\native\r02_c01.png,E:\work\image\qdao_city_tiles_4k_20260916\builtin_q64_production\resume_single_city_20260921\next_tile_r08_c07\native\r02_c01.record.json,627e9a695226ff790733963bd8d5a4f43d0caf852fc4d8c490adaeda7ab7290d,True,False
r08_c08,r01_c01,r01_c01.v2,E:\work\image\qdao_city_tiles_4k_20260916\builtin_q64_production\resume_single_city_20260921\next_tile_r08_c08\native\r01_c01.v2.png,e213226aabb1d5fa6056d31a310c191d8773dcbb05cd06f81afc9d9aef70220a,1254,1254,D:\luyuan\wuxingqitan\image\qdao_city_tiles_4k_20260916\builtin_q64_production\resume_single_city_20260921\next_tile_r08_c08\native\r01_c01.v2.png,E:\work\image\qdao_city_tiles_4k_20260916\builtin_q64_production\resume_single_city_20260921\next_tile_r08_c08\native\r01_c01.v2.generation.json,8d3ba6b674c745310accd8f75e77130b261028db9b6e916da3ea639c9a163702,True,False
r08_c08,r01_c02,r01_c02.v2,E:\work\image\qdao_city_tiles_4k_20260916\builtin_q64_production\resume_single_city_20260921\next_tile_r08_c08\native\r01_c02.v2.png,5084ef065cc316e8286a5786d8d2c4396b6ccfa8d0df9469017434031df0e8e7,1254,1254,D:\luyuan\wuxingqitan\image\qdao_city_tiles_4k_20260916\builtin_q64_production\resume_single_city_20260921\next_tile_r08_c08\native\r01_c02.v2.png,E:\work\image\qdao_city_tiles_4k_20260916\builtin_q64_production\resume_single_city_20260921\next_tile_r08_c08\native\r01_c02.v2.generation.json,165963164259ca73a42eb3b0b98be299e993303f88b5c4e3faa78d1f4e5f6d85,True,False
r08_c09,r01_c01,r01_c01.v2,E:\work\image\qdao_city_tiles_4k_20260916\builtin_q64_production\resume_single_city_20260921\next_tile_r08_c09\native\r01_c01.v2.png,7e1dd07284143fd56c7a4bacbbd8dd8764366af3ba824c72c5d28a759bd18442,1254,1254,D:\luyuan\wuxingqitan\image\qdao_city_tiles_4k_20260916\builtin_q64_production\resume_single_city_20260921\next_tile_r08_c09\native\r01_c01.v2.png,E:\work\image\qdao_city_tiles_4k_20260916\builtin_q64_production\resume_single_city_20260921\next_tile_r08_c09\native\r01_c01.v2.record.json,b4d25ecc34f8c19630aa936358798651e8d5562598dfaf8ca73a337cf3df81ce,False,False
r08_c09,r01_c02,r01_c02.v2,E:\work\image\qdao_city_tiles_4k_20260916\builtin_q64_production\resume_single_city_20260921\next_tile_r08_c09\native\r01_c02.v2.png,8aead099648f5d187d13bb052f8507e1f052645284b1257f47c96e57fdb1b04a,1254,1254,D:\luyuan\wuxingqitan\image\qdao_city_tiles_4k_20260916\builtin_q64_production\resume_single_city_20260921\next_tile_r08_c09\native\r01_c02.v2.png,E:\work\image\qdao_city_tiles_4k_20260916\builtin_q64_production\resume_single_city_20260921\next_tile_r08_c09\native\r01_c02.v2.record.json,9fa2b6e5dd23b6350a54041af282566bc13e849300578e42820daead2df18fc9,False,False
r08_c09,r01_c03,r01_c03.v2,E:\work\image\qdao_city_tiles_4k_20260916\builtin_q64_production\resume_single_city_20260921\next_tile_r08_c09\native\r01_c03.v2.png,a13cc66058df1f6574473f2e4b86aa6d9ef50370df10c5b8cb42043af910a686,1254,1254,D:\luyuan\wuxingqitan\image\qdao_city_tiles_4k_20260916\builtin_q64_production\resume_single_city_20260921\next_tile_r08_c09\native\r01_c03.v2.png,E:\work\image\qdao_city_tiles_4k_20260916\builtin_q64_production\resume_single_city_20260921\next_tile_r08_c09\native\r01_c03.v2.record.json,7ea2f68199ae21409e8e5982ac4ad3e284dd26f8cb2baf117566b8603f5f0c7c,False,False
r08_c09,r01_c04,r01_c04.v2,E:\work\image\qdao_city_tiles_4k_20260916\builtin_q64_production\resume_single_city_20260921\next_tile_r08_c09\native\r01_c04.v2.png,9cd349a576f845d7e644bf4fed6593188961b6431ae54d4bc4d374f65dd1d0df,1254,1254,D:\luyuan\wuxingqitan\image\qdao_city_tiles_4k_20260916\builtin_q64_production\resume_single_city_20260921\next_tile_r08_c09\native\r01_c04.v2.png,E:\work\image\qdao_city_tiles_4k_20260916\builtin_q64_production\resume_single_city_20260921\next_tile_r08_c09\native\r01_c04.v2.record.json,d0e23ed4d9913d24f628dcfa0618011e9a85da824cdc0c68b7669058dcdf36ea,False,False
r08_c09,r02_c01,r02_c01.v2,E:\work\image\qdao_city_tiles_4k_20260916\builtin_q64_production\resume_single_city_20260921\next_tile_r08_c09\native\r02_c01.v2.png,a44635a66d95b24a370a6fc8ff5d8308939a9383a616e1fc5451faa771add75b,1254,1254,D:\luyuan\wuxingqitan\image\qdao_city_tiles_4k_20260916\builtin_q64_production\resume_single_city_20260921\next_tile_r08_c09\native\r02_c01.v2.png,E:\work\image\qdao_city_tiles_4k_20260916\builtin_q64_production\resume_single_city_20260921\next_tile_r08_c09\native\r02_c01.v2.record.json,eab0fe99cb709aad6579e8fa567a52da51c863fefb0c318fdedbd02483f8e946,False,False
