action,direction,frame,path,sha256,generation_record,native_size,visual_status,client_status
attack,E,1,frames/attack/E/01.png,2ee082003e60440e7f19afb9226095a4fa352e3a62be08e8e85633118874c933,records/attack-E-01-20261003-attempt-20.json,"[1254, 1254]",offline_directional_review_complete_client_pending,not_integrated
attack,E,2,frames/attack/E/02.png,9e221f6010264fba547c8747534ff3ce8d6fc102b742bc9995f08b218c8f0f48,records/attack-E-02-20261003-attempt-21.json,"[1254, 1254]",offline_directional_review_complete_client_pending,not_integrated
attack,E,3,frames/attack/E/03.png,ae6c83152865cf9e4a9e9225aa261f84794ebc343b7a3859de3d9561fb95aa11,records/attack-E-03-20261003-attempt-20.json,"[1254, 1254]",offline_directional_review_complete_client_pending,not_integrated
attack,E,4,frames/attack/E/04.png,9af4a8e6508fcb396fd60dc6ac84985522128ce0edb0299c3052f2ef0378ad2d,records/attack-E-04-20261002-attempt-03.json,"[1254, 1254]",offline_directional_review_complete_client_pending,not_integrated
attack,E,5,frames/attack/E/05.png,b26aaf9aa12ddf501595e2665a76e63ccb706ecb21872eddcd4511386ab49cf6,records/attack-E-05-20261002-attempt-03.json,"[1254, 1254]",offline_directional_review_complete_client_pending,not_integrated
attack,E,6,frames/attack/E/06.png,83fdf6c291a6b60c9f155f916a8692be3b57cfa5b05b5e8988cb46c56c03b386,records/attack-E-06-20261002-attempt-03.json,"[1254, 1254]",offline_directional_review_complete_client_pending,not_integrated
attack,E,7,frames/attack/E/07.png,49c62c675db64d1538a1c87f630eb2b9e79eb4f79cbf30d6a3561f4c098d817b,records/attack-E-07-20261002-attempt-03.json,"[1254, 1254]",offline_directional_review_complete_client_pending,not_integrated
attack,E,8,frames/attack/E/08.png,5f07a72dc905c97353cb0fd5bb8865da3f0d0c2c3022029e170ba226c4dd0ec3,records/attack-E-08-20261002-attempt-03.json,"[1254, 1254]",offline_directional_review_complete_client_pending,not_integrated
attack,E,9,frames/attack/E/09.png,677ff64ecfdd74eaedecda77d916fe602b754c2bf43af19e56c2beb513bd425f,records/attack-E-09-20261003-attempt-20.json,"[1254, 1254]",offline_directional_review_complete_client_pending,not_integrated
attack,E,10,frames/attack/E/10.png,9d6ac69451463c482f663ac7ed97260d3b84de27b1718e7e1241f9fcd0a22290,records/root-fan-cast-attack-E-10-20261003-v1.json,"[1254, 1254]",offline_directional_review_complete_client_pending,not_integrated
attack,E,11,frames/attack/E/11.png,81a037486499b182cffe9c76783fd0e7058e12f209d665a01d6d56e4befd724f,records/attack-E-11-20261003-attempt-20.json,"[1254, 1254]",offline_directional_review_complete_client_pending,not_integrated
attack,E,12,frames/attack/E/12.png,00c589ee5fa7b8299b8e34863d2d2ccb6ac1c9d191b1c3c9fce7899b110f8904,records/attack-E-12-20261003-attempt-20.json,"[1254, 1254]",offline_directional_review_complete_client_pending,not_integrated
attack,W,1,frames/attack/W/01.png,60f052f3521d692c8f670dd9dcb8bb1621c656808bdfc8110e736595be376209,records/attack-W-01-20261003-attempt-02.json,"[1254, 1254]",offline_directional_review_complete_client_pending,not_integrated
attack,W,2,frames/attack/W/02.png,67a0b11bc3c9169c5e38f6d1f4c2d52c87a57e3848f2d2ee2e810111342e3477,records/attack-W-02-20261003-attempt-21.json,"[1254, 1254]",offline_directional_review_complete_client_pending,not_integrated
attack,W,3,frames/attack/W/03.png,b50d8c30534048b6b6e523074700a58ecf8bd95c828b293a1baf42ea9729710d,records/attack-W-03-20261003-attempt-22.json,"[1254, 1254]",offline_directional_review_complete_client_pending,not_integrated
attack,W,4,frames/attack/W/04.png,36cd1c8302161d4dc5586e3d490d9b6057bc684671fe1cb9d0c6bf981dd07ddf,records/attack-W-04-20261003-attempt-01.json,"[1254, 1254]",offline_directional_review_complete_client_pending,not_integrated
attack,W,5,frames/attack/W/05.png,8ee9f3b92841f3f060213256a23913907841f9ec9519fecccc83c556957dc6d1,records/attack-W-05-20261003-attempt-03.json,"[1254, 1254]",offline_directional_review_complete_client_pending,not_integrated
attack,W,6,frames/attack/W/06.png,ba1d840afb919cd3966099dcd9b492fa7cc920dc865ece8470b63d54192d0136,records/attack-W-06-20261003-attempt-20.json,"[1254, 1254]",offline_directional_review_complete_client_pending,not_integrated
attack,W,7,frames/attack/W/07.png,09a2b8eec03c6387b2795ae15070aeee9ed34570058b17c9eb8f939100e4f8f1,records/attack-W-07-20261003-attempt-21.json,"[1254, 1254]",offline_directional_review_complete_client_pending,not_integrated
attack,W,8,frames/attack/W/08.png,c07d677e2c1970a4b317915dee36f0fbbf1a554f2f97d3de45d2e0767a3533fb,records/attack-W-08-20261003-attempt-21.json,"[1254, 1254]",offline_directional_review_complete_client_pending,not_integrated
attack,W,9,frames/attack/W/09.png,de978fb8335cef5b4c2f8a632b94e2a8864dfa5b97067d346de4d2535a7c0993,records/attack-W-09-20261003-attempt-01.json,"[1254, 1254]",offline_directional_review_complete_client_pending,not_integrated
attack,W,10,frames/attack/W/10.png,87a72f1d978e11e20825f56415efca55d9e692ed79af3049dac6c05039e9a72e,records/attack-W-10-20261003-attempt-01.json,"[1254, 1254]",offline_directional_review_complete_client_pending,not_integrated
attack,W,11,frames/attack/W/11.png,27fd528db3e03eaa341b3d24ad60c13ee0fcde504435a2c2019599311a6f65b1,records/attack-W-11-20261003-attempt-20.json,"[1254, 1254]",offline_directional_review_complete_client_pending,not_integrated
attack,W,12,frames/attack/W/12.png,5fe99cb353a2a545bfea185566d19408824b4d6ef51f6f9b11528346a1f5c138,records/attack-W-12-20261003-attempt-23.json,"[1254, 1254]",offline_directional_review_complete_client_pending,not_integrated
cast,E,1,frames/cast/E/01.png,4181943c3dfd2affc39a285d24f74e7b138e259791d3372b50e45e3dae482c84,records/cast-E-01-20261003-foot-axis-v6.generation.json,"[1254, 1254]",offline_directional_review_complete_client_pending,not_integrated
cast,E,2,frames/cast/E/02.png,e63a687248dccb6efe3fef0646f479c71e7a433b5fa5e1e169b06a055549f68d,records/cast-E-02-20261003-foot-axis-v6.generation.json,"[1254, 1254]",offline_directional_review_complete_client_pending,not_integrated
cast,E,3,frames/cast/E/03.png,c1fd5e00efa72937bb62397f15aa33689f3721428e03da786e75baaf53de7120,records/cast-E-03-20261003-foot-registration-v7.generation.json,"[1254, 1254]",offline_directional_review_complete_client_pending,not_integrated
cast,E,4,frames/cast/E/04.png,c4d3169f6a5289172496e113d16d9b7c78a0a72448fbcac9f7fdc6d7726410b4,records/cast-E-04-20261003-foot-axis-v6.generation.json,"[1254, 1254]",offline_directional_review_complete_client_pending,not_integrated
cast,E,5,frames/cast/E/05.png,c5d8e06799e05149e41b37f7be9a44ffe40145c9d79e63cc7fde818721679b17,records/cast-E-05-20261003-ground-v7.generation.json,"[1254, 1254]",offline_directional_review_complete_client_pending,not_integrated
cast,E,6,frames/cast/E/06.png,69bd3b2f41d0af69140e25990cb3c5101ec8e6bb8912d5d79dfe16b7cc5e38cf,records/cast-E-06-20261003-arm-chain-v9.generation.json,"[1254, 1254]",offline_directional_review_complete_client_pending,not_integrated
cast,E,7,frames/cast/E/07.png,10f8d34d00025a2b37e48f3d4cca2b6fbea0c9e2767d73085d4c261f8f6c5120,records/cast-E-07-20261003-arm-chain-v9.generation.json,"[1254, 1254]",offline_directional_review_complete_client_pending,not_integrated
cast,E,8,frames/cast/E/08.png,e663e9c29b53517205e976dac46aa7a074f0d25c5e60ead41b6e4b9a6083ca83,records/cast-E-08-20261003-arm-chain-v8.generation.json,"[1254, 1254]",offline_directional_review_complete_client_pending,not_integrated
cast,E,9,frames/cast/E/09.png,c18bd81926b2d939af05937b70a8aaf25023fe4c72ebe9ce1cd87f786d5179b5,records/cast-E-09-20261003-arm-chain-v8.generation.json,"[1254, 1254]",offline_directional_review_complete_client_pending,not_integrated
cast,E,10,frames/cast/E/10.png,6f1918a292c780a0ca7a39bb6d7a46c78a22e8dee4a5fa447e3c4359d7170d45,records/cast-E-10-20261003-arm-chain-v8.generation.json,"[1254, 1254]",offline_directional_review_complete_client_pending,not_integrated
cast,E,11,frames/cast/E/11.png,7524ae071c43df6b36ce367e26c65024c2a99a715cd90def5efd9a806593a36d,records/cast-E-11-20261003-arm-chain-v9.generation.json,"[1254, 1254]",offline_directional_review_complete_client_pending,not_integrated
cast,E,12,frames/cast/E/12.png,7e2a03a7da5ced7f476e6fdacef398dc8639f07f7902c0a734557670c21e31e2,records/cast-E-12-20261003-arm-chain-v8.generation.json,"[1254, 1254]",offline_directional_review_complete_client_pending,not_integrated
cast,E,13,frames/cast/E/13.png,1054d9a2fb37cd536aaec6617c5daa5b7e8d5b7e670b55df09233ef2b1de5cae,records/cast-E-13-20261003-foot-axis-v6.generation.json,"[1254, 1254]",offline_directional_review_complete_client_pending,not_integrated
cast,E,14,frames/cast/E/14.png,d17de1e0542c69b087bc4cf54cb2e862d0d3f717f3930738577bb6a276e33f1b,records/cast-E-14-20261003-arm-chain-v8.generation.json,"[1254, 1254]",offline_directional_review_complete_client_pending,not_integrated
cast,E,15,frames/cast/E/15.png,59157426b226132a947988140ba9e02eb8c896813d0346d87ce8f1ca5bd4b7e2,records/cast-E-15-20261003-foot-axis-v6.generation.json,"[1254, 1254]",offline_directional_review_complete_client_pending,not_integrated
cast,E,16,frames/cast/E/16.png,14e15bf32317fe09987ac67fb51f231d2e09186094c409882d86252072f2ad93,records/cast-E-16-20261003-foot-axis-v6.generation.json,"[1254, 1254]",offline_directional_review_complete_client_pending,not_integrated
cast,W,1,frames/cast/W/01.png,3d1d7ba903a27ab80f01358d222dcf1eaf8e2b35749386e7766648b51bd1e007,records/cast-W-01-20261002.generation.json,"[1254, 1254]",offline_directional_review_complete_client_pending,not_integrated
cast,W,2,frames/cast/W/02.png,ff490d0b71babdfddf7c644a6c8268c13ee92e6aee64b380027573eba7dca6f8,records/cast-W-02-20261003.generation.json,"[1254, 1254]",offline_directional_review_complete_client_pending,not_integrated
cast,W,3,frames/cast/W/03.png,792724a93e5f61ee877a36195594f6b3089e40f63216671172a357110b878192,records/cast-W-03-20261003.generation.json,"[1254, 1254]",offline_directional_review_complete_client_pending,not_integrated
cast,W,4,frames/cast/W/04.png,560d683b7d3fdc6835c19f0fdff3c5aab9ebb28a737ee609d4bab3904ea3572f,records/cast-W-04-20261003-foot-axis-v6.generation.json,"[1254, 1254]",offline_directional_review_complete_client_pending,not_integrated
cast,W,5,frames/cast/W/05.png,06f499adfa7da4d003fdc3f55ad344a0e7208ff40697f55a855365e95bf1befd,records/cast-W-05-20261003-foot-axis-v6.generation.json,"[1254, 1254]",offline_directional_review_complete_client_pending,not_integrated
cast,W,6,frames/cast/W/06.png,4ccf880547c5f1d61d523d1f8595b088d26cd4e365b02a114b10a5a5fde15adf,records/cast-W-06-20261003-foot-axis-v6.generation.json,"[1254, 1254]",offline_directional_review_complete_client_pending,not_integrated
cast,W,7,frames/cast/W/07.png,232c6da60da973882d3147de9aa86f320fb2bb56d4d3db5980ce1cff413ebf2a,records/cast-W-07-20261003-foot-axis-v6.generation.json,"[1254, 1254]",offline_directional_review_complete_client_pending,not_integrated
cast,W,8,frames/cast/W/08.png,3fb05636a3020fb27ffc4658bf818bf656fd5561c802655203ae773a2cff8e26,records/cast-W-08-20261003-foot-axis-v6.generation.json,"[1254, 1254]",offline_directional_review_complete_client_pending,not_integrated
cast,W,9,frames/cast/W/09.png,0bc52750d75be75fd4e34a47a530d97390a9e1e9e8bca59bb5c6b631d8eaec5d,records/cast-W-09-20261003-foot-axis-v6.generation.json,"[1254, 1254]",offline_directional_review_complete_client_pending,not_integrated
cast,W,10,frames/cast/W/10.png,5a528915a7bc904230ec4bb19712a95c3d48eac1078744b22ff408839ef82640,records/cast-W-10-20261003-foot-axis-v6.generation.json,"[1254, 1254]",offline_directional_review_complete_client_pending,not_integrated
cast,W,11,frames/cast/W/11.png,5864ac631f0267d6e3b9e383a58bfaf29098b1c76a8d099da967bfed586dcf77,records/cast-W-11-20261003-registration-v7.generation.json,"[1254, 1254]",offline_directional_review_complete_client_pending,not_integrated
cast,W,12,frames/cast/W/12.png,6a5fd8d52f92ce5af11c04c681759ef25118552e5c69db6a3dfbfa7c1fb9021d,records/cast-W-12-20261003-foot-axis-v6.generation.json,"[1254, 1254]",offline_directional_review_complete_client_pending,not_integrated
cast,W,13,frames/cast/W/13.png,28a8b04cd58de370f687917457ad68db710ffd754262175e54156534cf9948c9,records/cast-W-13-20261003.generation.json,"[1254, 1254]",offline_directional_review_complete_client_pending,not_integrated
cast,W,14,frames/cast/W/14.png,a10c3046ced3b855bbb9bc752e9e298e850fd091d3860c477d44e367484394c4,records/cast-W-14-20261003.generation.json,"[1254, 1254]",offline_directional_review_complete_client_pending,not_integrated
cast,W,15,frames/cast/W/15.png,0407111bd18267e63d951b01bec44f3bedcc36978ebf3ec946ed36ed36ea4567,records/cast-W-15-20261003-resume1.generation.json,"[1254, 1254]",offline_directional_review_complete_client_pending,not_integrated
cast,W,16,frames/cast/W/16.png,1a07418eed6f7ba1ef3ea21a4509c9ba49cf9f938513a0c92f4dec735bb29d63,records/cast-W-16-20261003.generation.json,"[1254, 1254]",offline_directional_review_complete_client_pending,not_integrated
hit,E,1,frames/hit/E/01.png,6f3abba41802f9fe3478e7bd0a85c66cf6426a6b946296fa948e06f075d17fd8,records/hit-E-01-20261002.generation.json,"[1254, 1254]",offline_directional_review_complete_client_pending,not_integrated
hit,E,2,frames/hit/E/02.png,892f0f302c878c1ae8d7501bb17441981edfbe4bd7b5cc9fdbe02be12019a99e,records/hit-E-02-20261002-attempt2.generation.json,"[1254, 1254]",offline_directional_review_complete_client_pending,not_integrated
hit,E,3,frames/hit/E/03.png,7f0dfb582e8461964df8f6297d198eb9a8169247c5b702caa17d9ac01550f185,records/hit-E-03-20261002.generation.json,"[1254, 1254]",offline_directional_review_complete_client_pending,not_integrated
hit,E,4,frames/hit/E/04.png,53939a73561d41e3bfc2e00a1d9c9763c16585054f700e5b7a7bc194c6bbbcb6,records/hit-E-04-20261003-attempt2.generation.json,"[1254, 1254]",offline_directional_review_complete_client_pending,not_integrated
hit,E,5,frames/hit/E/05.png,361151e47eb372218fac6ea2fc3bdefafcd7fc8df2d4db1445e6a49b944dfe6e,records/hit-E-05-20261003.generation.json,"[1254, 1254]",offline_directional_review_complete_client_pending,not_integrated
hit,E,6,frames/hit/E/06.png,0569520c21b58bfd4aeb57ff46c55bf7b8bf26522c3c932c488b305895840915,records/hit-E-06-20261003-attempt2.generation.json,"[1254, 1254]",offline_directional_review_complete_client_pending,not_integrated
hit,W,1,frames/hit/W/01.png,bdfa5962eff61146208ebd746387e1cffb137b1fa18acce03f580d1037f5ff8c,records/hit-W-01-20261002-attempt2.generation.json,"[1254, 1254]",offline_directional_review_complete_client_pending,not_integrated
hit,W,2,frames/hit/W/02.png,54b9a11a14ca16fe8e96b1022327fde2337ee09478be2c3a32364ba92c9b1d7d,records/hit-W-02-20261002-attempt3.generation.json,"[1254, 1254]",offline_directional_review_complete_client_pending,not_integrated
hit,W,3,frames/hit/W/03.png,568c70e81b37dcb8cbe6f548161a9f98893c01f7af8d01018e20eb71ca74d2cf,records/hit-W-03-20261002.generation.json,"[1254, 1254]",offline_directional_review_complete_client_pending,not_integrated
hit,W,4,frames/hit/W/04.png,532e69e862c8dc138d229db4377e0bb88f05686fb67e9dad58cf2e6268ea7691,records/hit-W-04-20261002-attempt4.generation.json,"[1254, 1254]",offline_directional_review_complete_client_pending,not_integrated
hit,W,5,frames/hit/W/05.png,45f8920e2fcd5d7b5857bdab7d18c575d4bd032a88ea758c69c0679a0f59a501,records/hit-W-05-20261002-attempt2.generation.json,"[1254, 1254]",offline_directional_review_complete_client_pending,not_integrated
hit,W,6,frames/hit/W/06.png,79209e843433709a619a6ecc6eb055c1d146a133765d17e61d637a3a1ebde485,records/hit-W-06-20261002-attempt2.generation.json,"[1254, 1254]",offline_directional_review_complete_client_pending,not_integrated
run,E,1,frames/run/E/01.png,f1938933ec90fdfde84817c4ba0b8a7340da2d3340fa358412d194fb36ad6cc2,records/run-E-01-20261002-attempt-03.json,"[1254, 1254]",four_frame_grounding_revision_pending,not_integrated
run,E,2,frames/run/E/02.png,fa99611fc6f01095035ccef844a6e51b3faf2e407168d578e58e0ffd0d23a1f9,records/run-E-02-20261003-attempt-04.json,"[1254, 1254]",four_frame_grounding_revision_pending,not_integrated
run,E,3,frames/run/E/03.png,07f592854ff5f9f01a654e417f0281a9e96c10aab9538ac2dd16854c1ed07f0c,records/run-E-03-20261003-attempt-04.json,"[1254, 1254]",four_frame_grounding_revision_pending,not_integrated
run,E,4,frames/run/E/04.png,5db27424e3e0676fb2528d27c8bf9944ca2b014ffbe2569b5cece4e292bdae70,records/run-E-04-20261003-attempt-06.json,"[1254, 1254]",four_frame_grounding_revision_pending,not_integrated
run,E,5,frames/run/E/05.png,e752fcf6778e52d8b9dd4551aae83a088217b50ddc504ee8ff8be1c65a9ad005,records/run-E-05-20261002-attempt-04.json,"[1254, 1254]",four_frame_grounding_revision_pending,not_integrated
run,E,6,frames/run/E/06.png,84ad0cf37e0ad34e4117c2eb249daf8a03e64c8ad9c5bb218993712172fde885,records/run-E-06-20261002-attempt-03.json,"[1254, 1254]",four_frame_grounding_revision_pending,not_integrated
run,E,7,frames/run/E/07.png,cf613ae5a2fbc5247234d7a366e144356099cd662e9c01582eee07043553bd52,records/run-E-07-20261003-attempt-30.json,"[1254, 1254]",four_frame_grounding_revision_pending,not_integrated
run,E,8,frames/run/E/08.png,6923561c69f130cf61f9653c2409cedd9c575514156a8a52048902f74cd23512,records/run-E-08-20261003-attempt-30.json,"[1254, 1254]",four_frame_grounding_revision_pending,not_integrated
run,E,9,frames/run/E/09.png,e0fbacec091e4d152539c93e690858b758b01b0f03889e54f123ec194f454f1d,records/run-E-09-20261002-attempt-03.json,"[1254, 1254]",four_frame_grounding_revision_pending,not_integrated
run,E,10,frames/run/E/10.png,d22b630532f36263d1714358cfd9826687e8fe31d14613b29070ca6077ed6ed1,records/run-E-10-20261003-attempt-04.json,"[1254, 1254]",four_frame_grounding_revision_pending,not_integrated
run,E,11,frames/run/E/11.png,e6ec4180ec4657b6b760783115d40f5ea9178430d75ce578d9fcd2505ea9d14e,records/run-E-11-20261003-attempt-04.json,"[1254, 1254]",four_frame_grounding_revision_pending,not_integrated
run,E,12,frames/run/E/12.png,89ef664a4f06f019fd2cbe880375f68c7a4a3e5f9e834f5088a0e6245a0510bb,records/run-E-12-20261003-attempt-07.json,"[1254, 1254]",four_frame_grounding_revision_pending,not_integrated
run,E,13,frames/run/E/13.png,cf7dee70e4331a72520d0ef31a75e580e60ff72a87cd68d079ac653773cc44e5,records/run-E-13-20261002-attempt-01.json,"[1254, 1254]",four_frame_grounding_revision_pending,not_integrated
run,E,14,frames/run/E/14.png,b0dbd8d16cfa8eb279702e2ab330f11bf8d306102ebf5d78fa2aeafbcbd12ec2,records/run-E-14-20261002-attempt-01.json,"[1254, 1254]",four_frame_grounding_revision_pending,not_integrated
run,E,15,frames/run/E/15.png,467e62f467726c82bd063d8b63c61a4a9174339ba0b39fbd628e8315afef6c2e,records/run-E-15-20261003-attempt-30.json,"[1254, 1254]",four_frame_grounding_revision_pending,not_integrated
run,E,16,frames/run/E/16.png,8400c9ed706ddbb5150d45240b74faecb6a1ff229c36822be5c709d17f593b55,records/run-E-16-20261003-attempt-30.json,"[1254, 1254]",four_frame_grounding_revision_pending,not_integrated
run,N,1,frames/run/N/01.png,8ac062f4d4c382e50c2b421d695f7034cb83d245f72835199649f8b30e2c4b9e,records/run-N-01-attempt-02.json,"[1254, 1254]",four_frame_grounding_revision_pending,not_integrated
run,N,2,frames/run/N/02.png,85f2bf01260767111e23ac3ba2305071ffd6ee6ba37820aadc06508a69e67401,records/run-N-02-attempt-03.json,"[1254, 1254]",four_frame_grounding_revision_pending,not_integrated
run,N,3,frames/run/N/03.png,79faf4a6a7beaa10fdfffec5f2fcc1e1d931798c91078ccd4ce90a1514573c3d,records/run-N-03-attempt-03.json,"[1254, 1254]",four_frame_grounding_revision_pending,not_integrated
run,N,4,frames/run/N/04.png,26191e1bcb17bb68f1dd86c3723ca96fe95e5caa819a5ff5e4a0d95398c345c2,records/run-N-04-attempt-01.json,"[1254, 1254]",four_frame_grounding_revision_pending,not_integrated
run,N,5,frames/run/N/05.png,8e53c70d519e49bab3f0a71de048c6f8b7bdbd81bdc0562cb3c7d29e74376ec8,records/run-N-05-attempt-01.json,"[1254, 1254]",four_frame_grounding_revision_pending,not_integrated
run,N,6,frames/run/N/06.png,b755e7c98b178fed5a294436e75f15957e6a62669141a8287b111e39d5616d21,records/run-N-06-attempt-01.json,"[1254, 1254]",four_frame_grounding_revision_pending,not_integrated
run,N,7,frames/run/N/07.png,adb141a338a27d6c93c231179d5d2559fe82cca57d9c6f6ef6c0cfbc91f4ee7c,records/run-N-07-attempt-01.json,"[1254, 1254]",four_frame_grounding_revision_pending,not_integrated
run,N,8,frames/run/N/08.png,c7b49f9a2e9f2a34d43475bc38da0655794f921916ace4065e0dff73d6cc3564,records/run-N-08-attempt-01.json,"[1254, 1254]",four_frame_grounding_revision_pending,not_integrated
run,N,9,frames/run/N/09.png,d05505ff658f5c0d45444452f26170a2f1826b693cc360a10dc950813be4d4c5,records/run-N-09-attempt-01.json,"[1254, 1254]",four_frame_grounding_revision_pending,not_integrated
run,N,10,frames/run/N/10.png,43cbfe4f59a3ffacf358d93465764b3e09f9743cd2bd4209ac95d782f1769434,records/run-N-10-attempt-02.json,"[1254, 1254]",four_frame_grounding_revision_pending,not_integrated
run,N,11,frames/run/N/11.png,276800185ce3d736c278c3d909ab434e1dde32d93cb1a4f7a1c674feac3dd940,records/run-N-11-attempt-01.json,"[1254, 1254]",four_frame_grounding_revision_pending,not_integrated
run,N,12,frames/run/N/12.png,55b811218f8d9d79e19d6b8c3642ad0e82b8454a649f6fb039f2d72613d48967,records/run-N-12-attempt-01.json,"[1254, 1254]",four_frame_grounding_revision_pending,not_integrated
run,N,13,frames/run/N/13.png,33bcff61d4f1522223dc6bc773fdeb3f335c58e9da7e29ef9cbc7f7fdc3a9637,records/run-N-13-attempt-02.json,"[1254, 1254]",four_frame_grounding_revision_pending,not_integrated
run,N,14,frames/run/N/14.png,be73512a1a2f4c6ba8feb547635c4f29ef0a34ccfbcb9f8a42cb2017c21b2d9f,records/run-N-14-attempt-03.json,"[1254, 1254]",four_frame_grounding_revision_pending,not_integrated
run,N,15,frames/run/N/15.png,831168586e88dbc309f55f611ed8aead20ee83c9f62d61047a5eef34f763c118,records/run-N-15-attempt-01.json,"[1254, 1254]",four_frame_grounding_revision_pending,not_integrated
run,N,16,frames/run/N/16.png,d7d4df4ab9d346bbb037109adb5cdcbbc44c3a068864ec825695e0c027caa7af,records/run-N-16-attempt-01.json,"[1254, 1254]",four_frame_grounding_revision_pending,not_integrated
run,NE,1,frames/run/NE/01.png,37c0fa825e30d16250c412d14efa7dafb62cfe20fe25f0b8a56ca31ce4991194,records/run-NE-01-attempt-03.json,"[1254, 1254]",four_frame_grounding_revision_pending,not_integrated
run,NE,2,frames/run/NE/02.png,f08224a0a49bf671f173fcfe86b1e956e10f80e7b69639f1812abb1316cf7b6d,records/run-NE-02-attempt-03.json,"[1254, 1254]",four_frame_grounding_revision_pending,not_integrated
run,NE,3,frames/run/NE/03.png,174fcf519a62c732625ed12030838eb93e12d4aa25e8147f60e050da4ce94829,records/run-NE-03-attempt-01.json,"[1254, 1254]",four_frame_grounding_revision_pending,not_integrated
run,NE,4,frames/run/NE/04.png,ea0c25dd6ba6a01e4e0af3ad174103d45e486834181d178d87b427006d3a09c7,records/run-NE-04-attempt-03.json,"[1254, 1254]",four_frame_grounding_revision_pending,not_integrated
run,NE,5,frames/run/NE/05.png,c9b6f78d5e3c41c85dc46e6b025627c2721f88dc320f241932fe9b9b3d0f554c,records/run-NE-05-attempt-03.json,"[1254, 1254]",four_frame_grounding_revision_pending,not_integrated
run,NE,6,frames/run/NE/06.png,bfbd0e4c24e2e744be435f1ea1a78595f86914963ef58b4c383a67208d594bab,records/run-NE-06-attempt-06.json,"[1254, 1254]",four_frame_grounding_revision_pending,not_integrated
run,NE,7,frames/run/NE/07.png,f377e7c96029e700676f9fcd4c7d356e53076da0fa8d374255169e1b3c2bcca2,records/run-NE-07-cast-20261003-phase-v4.generation.json,"[1254, 1254]",four_frame_grounding_revision_pending,not_integrated
run,NE,8,frames/run/NE/08.png,563e9faa602b403f495fe3b78ff29819585aa8233d10fd4e5d07b8c6ae14edb2,records/run-NE-08-cast-20261003-phase-v4.generation.json,"[1254, 1254]",four_frame_grounding_revision_pending,not_integrated
run,NE,9,frames/run/NE/09.png,d4ba12a9b5c289f88136077010a5d887a58b092b92de66009b5d1efe0fb1feff,records/run-NE-09-attempt-02.json,"[1254, 1254]",four_frame_grounding_revision_pending,not_integrated
run,NE,10,frames/run/NE/10.png,874be8ec05b8ce766f6bce0641ad7b6081a62bd8aa028bfef4cfea83bddb030e,records/run-NE-10-cast-20261003-anatomy-v2.generation.json,"[1254, 1254]",four_frame_grounding_revision_pending,not_integrated
run,NE,11,frames/run/NE/11.png,2febe5f6ea610456e99fc494b2281d89a971e2cd4381f692dd5b2b9f5b835393,records/run-NE-11-cast-20261003-five-v3.generation.json,"[1254, 1254]",four_frame_grounding_revision_pending,not_integrated
run,NE,12,frames/run/NE/12.png,a307f073e45dc3fdc43b1afb1c7efd833790ff3bf0306b6300750f7da31e14c6,records/run-NE-12-cast-20261003-phase-v4.generation.json,"[1254, 1254]",four_frame_grounding_revision_pending,not_integrated
run,NE,13,frames/run/NE/13.png,babf9548e47f13bec2b804b7cae1a3a92ddfaa9a202076d84a475716423e0cb7,records/run-NE-13-cast-20261003-five-v3.generation.json,"[1254, 1254]",four_frame_grounding_revision_pending,not_integrated
run,NE,14,frames/run/NE/14.png,d7f6faf755ba2d65fff8ac956510ac29210315573986a78e6e14b1700b5e74c7,records/run-NE-14-cast-20261003.generation.json,"[1254, 1254]",four_frame_grounding_revision_pending,not_integrated
run,NE,15,frames/run/NE/15.png,b96db4b98efe46a7d5f2bebbc8b9c64090bbd1e65a5d1e4f6eb2868f0cbd2235,records/run-NE-15-cast-20261003.generation.json,"[1254, 1254]",four_frame_grounding_revision_pending,not_integrated
run,NE,16,frames/run/NE/16.png,2ca73434328e9e9605b2f0307fd2db2ed5213f08452d35e54b53023875df38f4,records/run-NE-16-cast-20261003.generation.json,"[1254, 1254]",four_frame_grounding_revision_pending,not_integrated
run,NW,1,frames/run/NW/01.png,2bf43bb644773bbc2219a71f0775dd1a2d857e76aadff8369c39cea184719e41,records/run-NW-01-attempt-04.json,"[1254, 1254]",four_frame_grounding_revision_pending,not_integrated
run,NW,2,frames/run/NW/02.png,2ace5a4aa55235841ed18b5f272754ff377ca42e81471ea436aa478d08a58042,records/run-NW-02-attempt-04.json,"[1254, 1254]",four_frame_grounding_revision_pending,not_integrated
run,NW,3,frames/run/NW/03.png,f390346a027c6d1472f03cb2b684780211ec6e10b518007e36cde4b2636a807f,records/run-NW-03-attempt-03.json,"[1254, 1254]",four_frame_grounding_revision_pending,not_integrated
run,NW,4,frames/run/NW/04.png,14e589ca97b7abd9b125a888bc5d726e805ca87073f365030ccf9dc8afd80c05,records/run-NW-04-attempt-01.json,"[1254, 1254]",four_frame_grounding_revision_pending,not_integrated
run,NW,5,frames/run/NW/05.png,3d702c670dc34d3882bfc439b765ed976ccb001204e236e602b18a7daf6fffe7,records/run-NW-05-attempt-01.json,"[1254, 1254]",four_frame_grounding_revision_pending,not_integrated
run,NW,6,frames/run/NW/06.png,85ac8132766ff6d6c673179826290be8851351b0611e1bf65ce49c0dc5016022,records/run-NW-06-attempt-01.json,"[1254, 1254]",four_frame_grounding_revision_pending,not_integrated
run,NW,7,frames/run/NW/07.png,80301427da5cffdc707252a8bdc22a8e87304d46328b0559fad16c477f42521d,records/run-NW-07-attempt-01.json,"[1254, 1254]",four_frame_grounding_revision_pending,not_integrated
run,NW,8,frames/run/NW/08.png,32c6957f538c2f0c83ff7b095d2ac14e22f235eba97c3de4efee560817e4ebb3,records/run-NW-08-attempt-01.json,"[1254, 1254]",four_frame_grounding_revision_pending,not_integrated
run,NW,9,frames/run/NW/09.png,f9c8879c6a70835691a05194c7455d452067598c87e089c32c06510d9a8ae524,records/run-NW-09-attempt-05.json,"[1254, 1254]",four_frame_grounding_revision_pending,not_integrated
run,NW,10,frames/run/NW/10.png,ba9d1fbdf56f32d1e23aefcc2a7a3406d1431f16dac73029b598d4315c4af2c3,records/run-NW-10-attempt-02.json,"[1254, 1254]",four_frame_grounding_revision_pending,not_integrated
run,NW,11,frames/run/NW/11.png,1216a3b4e72199548aa4d0ce2fcbf29d7d4958bf3616c3962f7ce0cb7becded4,records/run-NW-11-attempt-02.json,"[1254, 1254]",four_frame_grounding_revision_pending,not_integrated
run,NW,12,frames/run/NW/12.png,e6514e47f1f255039ca3f3f08070f8a4eee2b08de1d4fb2b40e4fdc77abb3a2a,records/run-NW-12-attempt-01.json,"[1254, 1254]",four_frame_grounding_revision_pending,not_integrated
run,NW,13,frames/run/NW/13.png,533e28fb3291cac9411764b31028fac31bcb44f0fd4eba02f78b14bd9ba8fb69,records/run-NW-13-attempt-01.json,"[1254, 1254]",four_frame_grounding_revision_pending,not_integrated
run,NW,14,frames/run/NW/14.png,b56ce4189a6a9c1f38daa10a7aaadfa4f86a283296b26b2d2227f12e587698fd,records/run-NW-14-attempt-02.json,"[1254, 1254]",four_frame_grounding_revision_pending,not_integrated
run,NW,15,frames/run/NW/15.png,6448cb568c7029f7ef819bfe69c8ffdbbc705137d83667210d5aa67a9408697b,records/run-NW-15-attempt-02.json,"[1254, 1254]",four_frame_grounding_revision_pending,not_integrated
run,NW,16,frames/run/NW/16.png,6c48d75187fc6d2b95f07a292521017087601ee321506c47f7a4e528200ae2b4,records/run-NW-16-attempt-02.json,"[1254, 1254]",four_frame_grounding_revision_pending,not_integrated
run,S,1,frames/run/S/01.png,999493963052089f73daf142aeae2d129ccd9d2db65422a843e9c37912e79a12,records/run-S-01-20261003-attempt3.generation.json,"[1254, 1254]",four_frame_grounding_revision_pending,not_integrated
run,S,2,frames/run/S/02.png,7d06d1b371b113dd94c8eb281658a3751f73c96cbcfac625ec8ef2c2ae6c8323,records/run-S-02-20261003-attempt3.generation.json,"[1254, 1254]",four_frame_grounding_revision_pending,not_integrated
run,S,3,frames/run/S/03.png,290304cf689887f7b4850706131b2f84593a07e236ea91e698caabbb72f3f6f6,records/run-S-03-20261003-attempt2.generation.json,"[1254, 1254]",four_frame_grounding_revision_pending,not_integrated
run,S,4,frames/run/S/04.png,7305541fc1d79ea8159505b7ecd3c300314b40742621b656fdd71489232f9214,records/run-S-04-20261003-attempt2.generation.json,"[1254, 1254]",four_frame_grounding_revision_pending,not_integrated
run,S,5,frames/run/S/05.png,adb933ca74753034ac3bfb69640d887b6c64368e9d8d57a29b40bb50d8c77b14,records/run-S-05-20261003-attempt2.generation.json,"[1254, 1254]",four_frame_grounding_revision_pending,not_integrated
run,S,6,frames/run/S/06.png,121130392e760eb0049bdbd7cc26790aa02cf69f9a602018ba4eaf935b690634,records/run-S-06-20261003-attempt3.generation.json,"[1254, 1254]",four_frame_grounding_revision_pending,not_integrated
run,S,7,frames/run/S/07.png,84782a0dea2247fd0cbe43a63126f84ce6d1baa533d5400da512da17e3264254,records/run-S-07-20261003-attempt2.generation.json,"[1254, 1254]",four_frame_grounding_revision_pending,not_integrated
run,S,8,frames/run/S/08.png,d3ee3a969c583d5ae896f3aa2b486687e975a34d6e131adda5740def65178c60,records/run-S-08-20261003-attempt2.generation.json,"[1254, 1254]",four_frame_grounding_revision_pending,not_integrated
run,S,9,frames/run/S/09.png,9a4f845a90ea56d01fb83b8eba36080c4f75c65c026c4597f5c0832484bb56d1,records/run-S-09-20261003-attempt5.generation.json,"[1254, 1254]",four_frame_grounding_revision_pending,not_integrated
run,S,10,frames/run/S/10.png,acdd4e0cd6482d0268167366fd852e4497c575ccf31e3f26866ccfd131a90613,records/run-S-10-20261003-attempt3.generation.json,"[1254, 1254]",four_frame_grounding_revision_pending,not_integrated
run,S,11,frames/run/S/11.png,dbd08cc0ec68feebeeb6a51950f8c69131206b2adc057ff7a7cb75e7b02947fb,records/run-S-11-20261003.generation.json,"[1254, 1254]",four_frame_grounding_revision_pending,not_integrated
run,S,12,frames/run/S/12.png,bb40ec4640a070992666278d36d2e1968dc27ced345df36d4a43c40a89cb5dcc,records/run-S-12-20261003-attempt2.generation.json,"[1254, 1254]",four_frame_grounding_revision_pending,not_integrated
run,S,13,frames/run/S/13.png,343106e37dfcc47cde1de5044d026b9e95dc5000541d19e2d9b3705f7c313cf3,records/run-S-13-20261003-attempt3.generation.json,"[1254, 1254]",four_frame_grounding_revision_pending,not_integrated
run,S,14,frames/run/S/14.png,0348200b7f96cac8e0e5261d5d4af0ea1b7327ec3ff994bb98caeb00b2be6f94,records/run-S-14-20261003.generation.json,"[1254, 1254]",four_frame_grounding_revision_pending,not_integrated
run,S,15,frames/run/S/15.png,50640b52f0dc618c7ea0ea2f3f8040da8a627c1d1e05c7c57cc7a5e65a1f6cf7,records/run-S-15-20261003-attempt2.generation.json,"[1254, 1254]",four_frame_grounding_revision_pending,not_integrated
run,S,16,frames/run/S/16.png,11ac7eb097d8bd7f6de67c9949cfb7a8a6f7f56b18e9105480b44a21ddd4fee4,records/run-S-16-20261003-attempt2.generation.json,"[1254, 1254]",four_frame_grounding_revision_pending,not_integrated
run,SE,1,frames/run/SE/01.png,185edb25689169b85526af7f08612229c22066a0db4e02b064d95c1366797316,records/run-SE-01-20261003-attempt-40.json,"[1254, 1254]",four_frame_grounding_revision_pending,not_integrated
run,SE,2,frames/run/SE/02.png,d665ef973311e625a47c0df3fd9002bd1032a6a55332263fb5baf9c9b6857b52,records/run-SE-02-20261003-attempt-04.json,"[1254, 1254]",four_frame_grounding_revision_pending,not_integrated
run,SE,3,frames/run/SE/03.png,e8919e64884bb58d217f927a280fc9732ecacdd753dc4c31755dbaf4832d39c2,records/run-SE-03-20261003-attempt-04.json,"[1254, 1254]",four_frame_grounding_revision_pending,not_integrated
run,SE,4,frames/run/SE/04.png,08804863764a816e18a25ad0fd35c0a5073579c86050c2106a7c20e5de302b77,records/run-SE-04-20261003-attempt-04.json,"[1254, 1254]",four_frame_grounding_revision_pending,not_integrated
run,SE,5,frames/run/SE/05.png,b43a10c742657fd7a0befcb70d731fa175b19018b8fe57725cced1b7e00207da,records/root-fan-cast-run-SE-05-20261003-v1.json,"[1254, 1254]",four_frame_grounding_revision_pending,not_integrated
run,SE,6,frames/run/SE/06.png,a61940aa983118e46cc995d7a536cea30368fb5d23fada2e517fde117aa49178,records/root-fan-cast-run-SE-06-20261003-v1.json,"[1254, 1254]",four_frame_grounding_revision_pending,not_integrated
run,SE,7,frames/run/SE/07.png,aca85a82a207fa53355c4c7d0842b93005ec65c47872b66365b322d99fc1695e,records/run-SE-07-20261003-attempt-40.json,"[1254, 1254]",four_frame_grounding_revision_pending,not_integrated
run,SE,8,frames/run/SE/08.png,fdb6cb89794a3be4037f008af83c30c60e3cadc8b39a172eb1032f60c7d35858,records/run-SE-08-20261003-attempt-40.json,"[1254, 1254]",four_frame_grounding_revision_pending,not_integrated
run,SE,9,frames/run/SE/09.png,97b81b756491ad6c898f052f9dceeaf8b0d07aed3a201ccafa436f9ca42636e8,records/run-SE-09-20261003-attempt-40.json,"[1254, 1254]",four_frame_grounding_revision_pending,not_integrated
run,SE,10,frames/run/SE/10.png,a1ca629efe855b26df61b3a1aa58c59f814d7d07d530e9b8a79d632bf2ffe498,records/run-SE-10-20261003-attempt-04.json,"[1254, 1254]",four_frame_grounding_revision_pending,not_integrated
run,SE,11,frames/run/SE/11.png,c341efb1185f1fd784b9828b5fba231eef4a4b547bb507c06358d75bfa7e3b9b,records/run-SE-11-20261003-attempt-21.json,"[1254, 1254]",four_frame_grounding_revision_pending,not_integrated
run,SE,12,frames/run/SE/12.png,d7aa895eb6545f4afabe3bf02317f98623a14b2a999e8111c1237a464088861d,records/run-SE-12-20261003-attempt-05.json,"[1254, 1254]",four_frame_grounding_revision_pending,not_integrated
run,SE,13,frames/run/SE/13.png,0251f2e9a96aca39deeaf0dfd916b571938d88dc6d2f1a48a1e76767fc2bbb9a,records/run-SE-13-20261003-attempt-21.json,"[1254, 1254]",four_frame_grounding_revision_pending,not_integrated
run,SE,14,frames/run/SE/14.png,32c9213c684b5797669ec8e47520d9523c2b43552451d291b56e7029068cc693,records/root-fan-cast-run-SE-14-20261003-v1.json,"[1254, 1254]",four_frame_grounding_revision_pending,not_integrated
run,SE,15,frames/run/SE/15.png,be48a9bb75f0251a5921bf8dbb76a79f694cebd62c1cecdb21804a46630fe663,records/run-SE-15-20261003-attempt-41.json,"[1254, 1254]",four_frame_grounding_revision_pending,not_integrated
run,SE,16,frames/run/SE/16.png,1b41a2905f5ee890054ea446417d70fbaee85ee69dcd797cb80c83e79fba3ab7,records/run-SE-16-20261003-attempt-40.json,"[1254, 1254]",four_frame_grounding_revision_pending,not_integrated
run,SW,1,frames/run/SW/01.png,ca7b282e4ea367deb6d6df0a798a109d5eb5198a0301b1d872d200b50bd1052b,records/run-SW-01-20261003-attempt5.generation.json,"[1254, 1254]",four_frame_grounding_revision_pending,not_integrated
run,SW,2,frames/run/SW/02.png,22f333ec75e134562b7648b294f55b0a64e26ae2dc5178d1539d267822e9b3a2,records/run-SW-02-20261003-attempt5.generation.json,"[1254, 1254]",four_frame_grounding_revision_pending,not_integrated
run,SW,3,frames/run/SW/03.png,93e076bbc8fc26f79148129834ef84bc4f084de42e2dd4efaba640754b7380eb,records/run-SW-03-20261003-attempt2.generation.json,"[1254, 1254]",four_frame_grounding_revision_pending,not_integrated
run,SW,4,frames/run/SW/04.png,75796202fe8e2e920e2dbe4810b3e02bc94257b256f6b51ddc923692888ef9cb,records/run-SW-04-20261003-attempt2.generation.json,"[1254, 1254]",four_frame_grounding_revision_pending,not_integrated
run,SW,5,frames/run/SW/05.png,f2aeba2476f3515426c637f88fc15d7e99ab3ec337625b1808cfe805316a7fac,records/run-SW-05-20261003-attempt2.generation.json,"[1254, 1254]",four_frame_grounding_revision_pending,not_integrated
run,SW,6,frames/run/SW/06.png,908f560c4cfd3e158a838e6fab0766eb161a2f647114699a1ddae011aa25da19,records/run-SW-06-20261003-attempt4.generation.json,"[1254, 1254]",four_frame_grounding_revision_pending,not_integrated
run,SW,7,frames/run/SW/07.png,3836d4d0ecfc171289f24dc0633f1deb5393975f8e4984051435303741d41930,records/run-SW-07-20261003-attempt5.generation.json,"[1254, 1254]",four_frame_grounding_revision_pending,not_integrated
run,SW,8,frames/run/SW/08.png,bf4d8ae2c57c1cc9017dee520ea5115fa2ee439508eaa057fd65bd191a613f98,records/run-SW-08-20261003-attempt5.generation.json,"[1254, 1254]",four_frame_grounding_revision_pending,not_integrated
run,SW,9,frames/run/SW/09.png,4072c4671dcc8dee131d4704d28a7150768df6ca0af6585f14c58bd5152dc93a,records/run-SW-09-20261003-attempt3.generation.json,"[1254, 1254]",four_frame_grounding_revision_pending,not_integrated
run,SW,10,frames/run/SW/10.png,b144ba97742c57d37045d4ca89317a929919c4cda58108ecefcc050a67e92f01,records/run-SW-10-20261003-attempt3.generation.json,"[1254, 1254]",four_frame_grounding_revision_pending,not_integrated
run,SW,11,frames/run/SW/11.png,af7d5f2ef0326721493d61672f90b4d9bd7fb97d344356f30a6a2e7e39a20246,records/run-SW-11-20261003-attempt3.generation.json,"[1254, 1254]",four_frame_grounding_revision_pending,not_integrated
run,SW,12,frames/run/SW/12.png,c8f24f910e2c088579493d19e470c706963164de7a49beb10205c9af395a0326,records/run-SW-12-20261003-attempt2.generation.json,"[1254, 1254]",four_frame_grounding_revision_pending,not_integrated
run,SW,13,frames/run/SW/13.png,7efb4b7c554e604fffe0c7a505d334426d4c0b21767678f7a8e2b07842fba8f2,records/run-SW-13-20261003-attempt2.generation.json,"[1254, 1254]",four_frame_grounding_revision_pending,not_integrated
run,SW,14,frames/run/SW/14.png,1fd26f178b362580d72f6d78ccf2e678e8aa662d0c4cc1ebfd65bab326f7e3fd,records/run-SW-14-20261003-attempt2.generation.json,"[1254, 1254]",four_frame_grounding_revision_pending,not_integrated
run,SW,15,frames/run/SW/15.png,3e51d6dbd52124eb3ccbf5088f00c2b5f05aa4fea1a2cd61a2febfdf08b9e21e,records/run-SW-15-20261003-attempt6.generation.json,"[1254, 1254]",four_frame_grounding_revision_pending,not_integrated
run,SW,16,frames/run/SW/16.png,6d67f888b62b721b20f085f9bea6de46f8cec19cca1549b657c82b75ac036d76,records/run-SW-16-20261003-attempt4.generation.json,"[1254, 1254]",four_frame_grounding_revision_pending,not_integrated
run,W,1,frames/run/W/01.png,9b12b7acbeb0cdf0ff9222fa476c701b257aeefcf79025f3516b8cd33143df0a,records/run-W-01-attempt-02.json,"[1254, 1254]",four_frame_grounding_revision_pending,not_integrated
run,W,2,frames/run/W/02.png,38a22f4371a8e4e574324908c9f629e6a4bd62c93df7f42bea9fcd64a3009bc6,records/run-W-02-attempt-03.json,"[1254, 1254]",four_frame_grounding_revision_pending,not_integrated
run,W,3,frames/run/W/03.png,2894a6e33ebd6b938d94f15968732b2f72b4ee352614a54008d22d4bf5197ee4,records/run-W-03-attempt-01.json,"[1254, 1254]",four_frame_grounding_revision_pending,not_integrated
run,W,4,frames/run/W/04.png,b93d66b7a18ee2a0bd0240bf59407ceff2470d76f1d087ae216cc06634e41c61,records/run-W-04-attempt-02.json,"[1254, 1254]",four_frame_grounding_revision_pending,not_integrated
run,W,5,frames/run/W/05.png,3532c67b2c7a4bdfbd9c301b3c0873c507384e98b3f77de8a5c7acb7046f47ab,records/run-W-05-attempt-01.json,"[1254, 1254]",four_frame_grounding_revision_pending,not_integrated
run,W,6,frames/run/W/06.png,ee651cccba6b5ddb82d054c9af6aaaf156a7abc9abd718cbd35a22764228fcc3,records/run-W-06-attempt-01.json,"[1254, 1254]",four_frame_grounding_revision_pending,not_integrated
run,W,7,frames/run/W/07.png,7ef6204d3bd8ad463493a2dca1a454fc3a39e1e7c2fecdf1039113d4a7bc2bcf,records/run-W-07-attempt-01.json,"[1254, 1254]",four_frame_grounding_revision_pending,not_integrated
run,W,8,frames/run/W/08.png,9b85859a8aba01f4a09d23105e855713825780ef946f32353991c772abbe29d3,records/run-W-08-attempt-01.json,"[1254, 1254]",four_frame_grounding_revision_pending,not_integrated
run,W,9,frames/run/W/09.png,34d37208c42910b0c07bb501a1cf4cf76c04388769b16f48e05c65ba93af546e,records/run-W-09-attempt-01.json,"[1254, 1254]",four_frame_grounding_revision_pending,not_integrated
run,W,10,frames/run/W/10.png,b173c66c2e3d232359e5b078a951410bda5fdf65d7247e603156b27293b0b193,records/run-W-10-attempt-05.json,"[1254, 1254]",four_frame_grounding_revision_pending,not_integrated
run,W,11,frames/run/W/11.png,148cb8548c081406e2b32cac2461e5c9893b3a49860dfe269b86bed127221889,records/run-W-11-attempt-02.json,"[1254, 1254]",four_frame_grounding_revision_pending,not_integrated
run,W,12,frames/run/W/12.png,6c64162b33c487b3d36b8e46cbb83b215f0b507a457c677af8bd6d43da7aecd5,records/run-W-12-attempt-03.json,"[1254, 1254]",four_frame_grounding_revision_pending,not_integrated
run,W,13,frames/run/W/13.png,6b9b1b40ac705e4048eae208410fbbe14736399bf8310ea7576519ee15f3f493,records/run-W-13-attempt-01.json,"[1254, 1254]",four_frame_grounding_revision_pending,not_integrated
run,W,14,frames/run/W/14.png,a20364606784d44ade800a3d337a4536bf3eba8480499a4eae8c16f903bda951,records/run-W-14-attempt-01.json,"[1254, 1254]",four_frame_grounding_revision_pending,not_integrated
run,W,15,frames/run/W/15.png,ac71b239d641e7fb9fc9d7848c8e701f1c8d5e2ee66367920e7a04d3fcbf68b8,records/run-W-15-attempt-01.json,"[1254, 1254]",four_frame_grounding_revision_pending,not_integrated
run,W,16,frames/run/W/16.png,8301993691f6a14067ec8a87dc2f77bf39e215101ac9d8c3607d03c25716d2dc,records/run-W-16-attempt-01.json,"[1254, 1254]",four_frame_grounding_revision_pending,not_integrated
