action,direction,frame,file,source,sourceSha256,sha256,sourceGenerationRecord,actualModel,actualQuality
run,E,1,candidate/run/E/01.png,../../../run-correction-20260930/characters/03_lotus_healer_girl/generation/E/01-v3.png,4e04a0a9c34155157e0df69140a9fcfbd4bd2cec6893e9a3c5441ad6e8e8c466,512d752b64d838e6f386582a0ae723ad5f7581ef41eb62d4fd93363da31c46b9,../../../run-correction-20260930/characters/03_lotus_healer_girl/generation/E/01-v3.png.generation.json,,
run,E,2,candidate/run/E/02.png,generation/E/02-v5.png,3557a6614b2479eab1e295bd2c83b8d6cb39586685473ecfa167d00713ff4bde,b1cd208510a631922a2f2f6c546e06464b99f25d7c0436def8a378f2eef3265a,generation/E/02-v5.png.generation.json,,
run,E,3,candidate/run/E/03.png,generation/E/03-v3.png,bbd14001ece01f60bfad28d3ba822a95030fc7de3c577bf10b38aff63b41eac7,fa5adee7038fcbef2fd63c5ab3449aea577ce1b6c26478ae307f0d69c418fa22,generation/E/03-v3.png.generation.json,,
run,E,4,candidate/run/E/04.png,generation/E/04-v5.png,c6668cccca0076519d373c2ba0c30e8b5abe2c3067d92c6aff96a513c58b7141,b2dbf84c34b728af0c589c23b8ee4a662e5697fb0adca27d0f7c0caf9b6ba3b8,generation/E/04-v5.png.generation.json,,
run,E,5,candidate/run/E/05.png,../../../run-correction-20260930/characters/03_lotus_healer_girl/generation/E/05-v1.png,77de15542c0d447b7a9ecfb57707c54b740d4fdf783a011839ff596030ead078,efd945d5bac6b75d93647be696838348caeda5c79a29c7b24f5e8dfd5c8793bf,../../../run-correction-20260930/characters/03_lotus_healer_girl/generation/E/05-v1.png.generation.json,,
run,E,6,candidate/run/E/06.png,generation/E/06-v2.png,ad5ec8cd627e1db77ca6906037ba75eeccbda8f1a6c9485475b57f465d202e0a,642ac800ec01a49a8ab5442bc8076b062615a7b5031d7d7eff5f6af80c46d109,generation/E/06-v2.png.generation.json,,
run,E,7,candidate/run/E/07.png,generation/E/07-v4.png,5feb89d1febf455d79cdfd4a941dfef3959a7b55a0f38089904c95d5ff88cc38,22306461ddb327fbc5203e6aceba88bf45356b448dd7a5639fc24e6e75a74666,generation/E/07-v4.png.generation.json,,
run,E,8,candidate/run/E/08.png,generation/E/08-v3.png,7a5babcea836f689d9bfea86490bd742f707a1bb3503d6f37c5169bc6b680e1a,45e9bf8d89b594d3c5d08a918d120dafe8f5edc8a23b65f7a0551213e6573c61,generation/E/08-v3.png.generation.json,,
run,E,9,candidate/run/E/09.png,generation/E/09-ground-v1.png,6b95aefc9e48fc4ea5e039d104f2a05d50e8bdbd76ba981a1dd7f672d3b62202,73c845157b8e74787fe1bcffd950f02f149572efe85775912b9e5966fa6d1173,generation/E/09-ground-v1.png.generation.json,,
run,E,10,candidate/run/E/10.png,generation/E/10-v4.png,a09a158c4785ae75d108f9f49cdca6b84642ab2d5f9c246a50edd648e7489957,d01394c77594058230f285ed2246f309a2874187038325d5787f608c2a704b74,generation/E/10-v4.png.generation.json,,
run,E,11,candidate/run/E/11.png,generation/E/11-v3.png,93704337e44c2ce4fe931b0e8655e2b6c797753c18119d353d9117900249a4df,3457017fd50b4f6623481eabc096121e387fc9a404a64516cd896a1ffc46b127,generation/E/11-v3.png.generation.json,,
run,E,12,candidate/run/E/12.png,generation/E/12-v6.png,b87fba0cad5f78d589d82b7f4cb371f2d15a924dea5a3d20cea0571862b5023c,1825da678f51892744b75d4667873af188b9eac14a0cf4d85aed79f0b9abdfe8,generation/E/12-v6.png.generation.json,,
run,E,13,candidate/run/E/13.png,generation/E/13-v3.png,cb381cdc09f4c658eaa50c5af88eb5578b05e00d1777d15bed589df69726fa9a,aa27c5e688a09b3048b3da4ee19e043b28133904607325425f618ed562876508,generation/E/13-v3.png.generation.json,,
run,E,14,candidate/run/E/14.png,generation/E/14-v2.png,3ccd86b6190cb59d107e9000043a16ab9e56acfb0dbdfb9113a6513598d7f757,49ac1a53b493179237855830856bda506cde6abcfc56d5d42ecbe9046f967754,generation/E/14-v2.png.generation.json,,
run,E,15,candidate/run/E/15.png,generation/E/14-v1.png,8588f45b127de28631ace67ce0bf2feb0d4e7cd4f6481253feff973548aa13bf,862d123bbbc591542ecb2b1558bf35fb0b6a10ff20d924679a264cb93b9f8c85,generation/E/14-v1.png.generation.json,,
run,E,16,candidate/run/E/16.png,generation/E/16-v2.png,11a2d64434d4f17ec6cce8acf188b2220d63341caed3b795663dc503cd8021ca,4218581bb814d1d0bed782ef0c38e5f7f102193572758101ad5c6daaf559cb04,generation/E/16-v2.png.generation.json,,
run,NE,1,candidate/run/NE/01.png,generation/NE/01-v3.png,f65bc809eb23e06121315d41bd61909b9e8d65d6d70815910fe61eaf54f064bf,15578a8fcd14e6deb8f2448c235970088d52c3161a63d2fe5d36ff12ae904997,generation/NE/01-v3.png.generation.json,,
run,NE,2,candidate/run/NE/02.png,generation/NE/02-v1.png,765f59101e135fbee0e9c975098d1fdc69a2b89fd7177fa9e7c1c42002d8bfd7,d582f4e2929a2aa5a6df15d91cdd7594bc080a0b6591431f4816153bd006f79d,generation/NE/02-v1.png.generation.json,,
run,NE,3,candidate/run/NE/03.png,generation/NE/03-v5.png,93c6c7ca306912e88bec8b8a298707a593c53df861068b5dcfb55ceb75ea9736,6a4ed1710c34ef3a0d406b35fdd6a6bc6368251f100b7b73c4b9fae4a22f795c,generation/NE/03-v5.png.generation.json,,
run,NE,4,candidate/run/NE/04.png,generation/NE/04-v1.png,a48c2ad0784d5c2aa056b3611dc06f0d1b8c851ed1b50067267d3ff2cd23df57,8d237c9512f876b4c4bed7fd170635e6f2834fe15e62375739aa75cbcabb7ce5,generation/NE/04-v1.png.generation.json,,
run,NE,5,candidate/run/NE/05.png,generation/NE/05-v1.png,415775f21a268adff577b793d4b439bca4b0a3f6aa5f15798e02b1084bc21da1,00ff07acf14b39bfd539322635ef4a93cdce4d9092be2b53c8dadbf5776af527,generation/NE/05-v1.png.generation.json,,
run,NE,6,candidate/run/NE/06.png,generation/NE/06-v1.png,a3756e267cb96fad3e5bfad57ca90fd3ef8cb757aba70a5c54f8feab18717bd6,11a21cbe67d5d7aebc0bae6bac37844fa03b783d936468ce28da2a25b0220385,generation/NE/06-v1.png.generation.json,,
run,NE,7,candidate/run/NE/07.png,generation/NE/07-v2.png,e845df30e5a88272008e8917338ea5080fca03981a15a65a495233f33e61e11a,e72137e9b5bcb10142e276b06c9eaf2b6e8715ef07022505d17f860624e27409,generation/NE/07-v2.png.generation.json,,
run,NE,8,candidate/run/NE/08.png,generation/NE/08-v1.png,745edcf7d0a78cdcd24a359afda93c53d7a20c4895fb9ef7cc8af5843e54b5f0,6122c6df1a3d241f2cce34fcecc1326fac81f70f8c2e883eeff333db3ddf5d45,generation/NE/08-v1.png.generation.json,,
run,NE,9,candidate/run/NE/09.png,generation/NE/09-v3.png,049f13c41b37efc1e3efab4b43e357547ffa162201540eb20a9b8ef94f8f7cdb,24dc02faf189bc09046c6bb16952ae168cbb24b1071e363b30e08402ff44dc1b,generation/NE/09-v3.png.generation.json,,
run,NE,10,candidate/run/NE/10.png,generation/NE/10-v1.png,88bc7ff1f382019e444c4908e54c81786062e58a4fbab446f0abfca38e9f7d3a,f9cba5ce5d64072694ed32f2094b411fccfc638c5f0e54347d8abbe4ef5c5131,generation/NE/10-v1.png.generation.json,,
run,NE,11,candidate/run/NE/11.png,generation/NE/11-v1.png,aa1da13c243446fca6e96097e04dafd66b5ec47d82154b421d87bd204fd12cf7,4a9035af21a541e1f6c0d96e6fbff8cc2a12c51f7d9c227b36ede67c171d2fb3,generation/NE/11-v1.png.generation.json,,
run,NE,12,candidate/run/NE/12.png,generation/NE/13-v1.png,cdb44f921a8159353fb029b48996ec70d6fde1d18de662aeb96e3f7007bf7711,842542a023801b3c24a7a38e6708bbf9e5f720adbee52dc73b0b04988358d7a3,generation/NE/13-v1.png.generation.json,,
run,NE,13,candidate/run/NE/13.png,generation/NE/13-v2.png,c3dde28386913c3845a74b687ad08c07b2e9180a303bc1a779b390be054752b0,7601d5f62fb479fd09c46d2b88d4809c67f483afc24555a9436fea9377f4e03e,generation/NE/13-v2.png.generation.json,,
run,NE,14,candidate/run/NE/14.png,generation/NE/15-v1.png,af26bf1e5b2dbfe524aa79f557a545f3383eaf93fcf729234cea0e093f9ee674,01d61d7ab85d192cec451cdf0f0092db07f2fa6bb49f09d53c3801fef20c2017,generation/NE/15-v1.png.generation.json,,
run,NE,15,candidate/run/NE/15.png,generation/NE/14-v2.png,37797e810ff62e13ebca1f32f4e946f5ae8a668ade74a9daf9845b598b24473c,8b5ba80df63bf2e95b9e9cc0bca436f9f26deb10bb2ccb38ef771674c69881ed,generation/NE/14-v2.png.generation.json,,
run,NE,16,candidate/run/NE/16.png,generation/NE/16-v1.png,62b9bf56328de13998f1e8a74ff265fdd00947ee876c208f06ceab1156eaf1bf,beb89397ecd44641986f507540c5eb3fa349dc22324c695f2f6288ad3bc2abd2,generation/NE/16-v1.png.generation.json,,
run,N,1,candidate/run/N/01.png,generation/N/01-v1.png,6cb919bc1b7f98025c16bcd113b8ad67c6ea92092f3b2dccfe609f6ba60a6db4,84ddc56c2fe98990173b6bca0bbad49ec93f31da2993033989f90bdee4227106,generation/N/01-v1.png.generation.json,,
run,N,2,candidate/run/N/02.png,generation/N/02-v3.png,7278bf34f6dd1aef0fab6960fb1073287078e5a8086b9c6f5705b17f9716599a,9d567ab198ed0a8cd6b251282baa046a74a4fd030630c8b67c281acf23d19070,generation/N/02-v3.png.generation.json,,
run,N,3,candidate/run/N/03.png,generation/N/03-v1.png,cfc6d818b3fcda02220822022c5607df871945cd9b90aba5f19599860f790110,98872e6c3fb13bb92cbf958898ae199076c6d30958d1199162e2e22352269b53,generation/N/03-v1.png.generation.json,,
run,N,4,candidate/run/N/04.png,generation/N/04-v2.png,9203473dc8092c18e12a486cb73d23a9f3ebfdf764b39ea7bd54d0328272592b,a919396d5077766de06a188dcd2c0d9bac5428642e7064f5a372565cd1079078,generation/N/04-v2.png.generation.json,,
run,N,5,candidate/run/N/05.png,generation/N/05-v1.png,463e56dfcf35c8a6fad655275c79e767b338483d6bcc1a4da5efa5978b186029,961507cb52e043f9388bc1230b00a3a2b85f48f80c8a5242e0f29bde5d260b17,generation/N/05-v1.png.generation.json,,
run,N,6,candidate/run/N/06.png,generation/N/06-v1.png,8ab7f3e3888558a09be82861b64cda71744bea29a480a5fc8f7c3c20420fa3ca,e072b3e8edc051b8d22480c2dbe8eaf379405ca7e3ca298185b2ca5bd5ad85c1,generation/N/06-v1.png.generation.json,,
run,N,7,candidate/run/N/07.png,generation/N/07-v2.png,46720f6c45ade8dccad78815a19faf7a6c3d46293719f0d4b73d3d817f7b476d,0deb96d8004d616c27dbb0c6510be160b5906b7dbe860d35485041b36d46befa,generation/N/07-v2.png.generation.json,,
run,N,8,candidate/run/N/08.png,generation/N/08-v3.png,6daa9990135d31f46593ec65d33cf4c69a3602e056718ed7743c1a66b4323dc5,581a0e3aa60e696fb82794a057cd33338c9c8ad66cedfde40dc7772caac64c96,generation/N/08-v3.png.generation.json,,
run,N,9,candidate/run/N/09.png,generation/N/09-v2.png,5bf482cfe3f87ba2fcc0f0d98eb69bd437b3f62aaf6e30c3de27f181170aef68,6a5078348ac42e02fb9ea664154993e73d89228b3ee31c798ef02d73302be669,generation/N/09-v2.png.generation.json,,
run,N,10,candidate/run/N/10.png,generation/N/10-v1.png,30ac734748671e831ea67311e25da555ba2de4e3446929a4d881a01330032eb0,179499cc1667993c3e7d5b2047526d9edd6d08bfdbd8c72d95394cceb228c68e,generation/N/10-v1.png.generation.json,,
run,N,11,candidate/run/N/11.png,generation/N/11-v1.png,8c1ebe10e7d664cc518fc22ce12dec144480036f3125b0f20f5581664cd516c0,49d199ee760cc6b59700925c181202d05c851bd45e9ad808aef7cf5f015a2113,generation/N/11-v1.png.generation.json,,
run,N,12,candidate/run/N/12.png,generation/N/12-v1.png,db45537f036a6beb817ffb6c7a163c61e90469c90034acd2e283c5e0d5186a9b,b53fefdd5021c7b6dacb15a094b7ac2cd67dff9933b1253acd05329611e02744,generation/N/12-v1.png.generation.json,,
run,N,13,candidate/run/N/13.png,generation/N/13-v1.png,ea49ef47f80fd1b8a07acc3266c557296ea63cd03002aef5d037503e79f756b2,7a487198eb096e573340b6121f2068dc46257876cc7a4022ce6f08bb281562b4,generation/N/13-v1.png.generation.json,,
run,N,14,candidate/run/N/14.png,generation/N/14-v2.png,c27db1f6fc117a9b1ed80066c672720639438bce5fefaf8137805001e095868d,6c1949cacd6311a2b7ce05bd3424e8a25503ca9bc77e13ee2d87eed71595e172,generation/N/14-v2.png.generation.json,,
run,N,15,candidate/run/N/15.png,generation/N/15-v2.png,3ec912948a34091f22da6b49d7ef658abfa2fec271acd7ebcf6f1b0995357581,a3f9dbbd42e6617c30e556c2a887e108f1c56cd7cc89fe32819e1d141e4bd09d,generation/N/15-v2.png.generation.json,,
run,N,16,candidate/run/N/16.png,generation/N/16-v3.png,285e3f25c22baa7bcde981c9f7bf9c85737fa20b53431d4ec717926560cf4d28,ac4bad006a07c7159e011c1a7ea538227d6809e1f5ab660357a572797032aa82,generation/N/16-v3.png.generation.json,,
run,NW,1,candidate/run/NW/01.png,generation/NW/01-v1.png,d473de0016df5cd9b9b4020e67ec24621fb6b72e43f585456ae888dc1b2e1073,df358fa3f8d97dac34d34e1c8c46353b2500e747698c90886e0ba2b817f4abfe,generation/NW/01-v1.png.generation.json,,
run,NW,2,candidate/run/NW/02.png,generation/NW/02-v3.png,7542b022f9799ff342898203d5d82f035cb197d288ef9f121af40ab1619be393,ec1368a2fdb1e22de3f2bc0e61eb1bbb76de2ea9c60959d38d74e93262035566,generation/NW/02-v3.png.generation.json,,
run,NW,3,candidate/run/NW/03.png,generation/NW/03-v5.png,cbdc9ea8d9fb6659a1ab26964ee79f71a89681cf03a6cfe376c108081ef37bc5,411ecf9bc32fa64bf03fa399f3210be3d0819e2a6d30075023917653236f0a02,generation/NW/03-v5.png.generation.json,,
run,NW,4,candidate/run/NW/04.png,generation/NW/04-v3.png,72a97d90c844fdc4fa33249d6a6a2bce0d9d5093241caf1447acd918c709a4b1,90ff7c2ea9e13cfa64866702d457802981fdac637baa81e47d03b2885a849165,generation/NW/04-v3.png.generation.json,,
run,NW,5,candidate/run/NW/05.png,generation/NW/05-v1.png,ba50f294edaf7b5ba8ed732c8699fcf15d844eb3b1f67908c39afce617788f3f,57bc99b6cb7c556dd8c76f5bc337ed1bb44fce1270b1aec2376a5974d373df7f,generation/NW/05-v1.png.generation.json,,
run,NW,6,candidate/run/NW/06.png,generation/NW/06-v1.png,20972f6ab4f0090c855df21108198ecc0530f8a2739e763ca798bedce3e0cee8,cd2c73975ac7f71a169ff76b2ebd89da9768c992c73c997340abf0225bbb349f,generation/NW/06-v1.png.generation.json,,
run,NW,7,candidate/run/NW/07.png,generation/NW/07-v1.png,4e33c2996b4077eb5fbf6f9ced7be799562f36b46eb77de994a04d5a1f9bf029,26a5018109582618117a158436511278119b9867961a59fd3a0f18163b8adde8,generation/NW/07-v1.png.generation.json,,
run,NW,8,candidate/run/NW/08.png,generation/NW/08-v1.png,875c344fac291c5a195e524a2941b0f540a3d0ea85ff62d48c545def35a7ff10,bff2ebd5e001cf6a5180c4012b27790f3968997629218d9fcd1b9f3cfc835676,generation/NW/08-v1.png.generation.json,,
run,NW,9,candidate/run/NW/09.png,generation/NW/09-v2.png,252e326b5312440015d5a8ad3c6a3eac4109bc9b1c9b0632951130971258e65e,7c235311a8692e82ff4c0ec29342cef18a2c180d631bca7366d7987cac778d77,generation/NW/09-v2.png.generation.json,,
run,NW,10,candidate/run/NW/10.png,generation/NW/10-v3.png,c4322ccd45f0056d223a1058e563735b17d75a2f65dea175dc048e3329b4f933,12450f2c80dcc9d5fdc7fbcdcee7cdb3e07d4f268779bf5c36acd6ea945dff1d,generation/NW/10-v3.png.generation.json,,
run,NW,11,candidate/run/NW/11.png,generation/NW/11-v2.png,75250f99f79c494c62ec53ad2492451b241f954fde204e3393a1e96d46510fe5,b41d29b8d5a392959087006c16836135adaae8f46c700d42809fd024d2c0b763,generation/NW/11-v2.png.generation.json,,
run,NW,12,candidate/run/NW/12.png,generation/NW/12-v2.png,d724889a1e4d480eab047d7c43a7bb1b0ef9e69e7137b032f3836f4660565dec,86ce3e4ddd1db2f0667d7c7d8275a0992aba22163319fe812bffd7726a507d44,generation/NW/12-v2.png.generation.json,,
run,NW,13,candidate/run/NW/13.png,generation/NW/13-v1.png,b86bd888bca24b14cd704372cba04fafe7106da01838547452238cffd374df51,8f8edd8e1210ff9897ab5adc5f3bfcc529f70397ed6555f5c099c0c44b29521f,generation/NW/13-v1.png.generation.json,,
run,NW,14,candidate/run/NW/14.png,generation/NW/14-v1.png,eb2f8044b10501269c438799ab253d8c5e310faf141e6a054e53af6272bf8b0a,2d76f1ce5b080ef6d94659b4a076375974f64dbcda99b6d4679a70475c78b351,generation/NW/14-v1.png.generation.json,,
run,NW,15,candidate/run/NW/15.png,generation/NW/15-v1.png,c3e52178ab2eb05b086c2469ecd211023858355f3a3ae5e246b8fd69fe98f567,d88e4cf5c1afe0f835b8709fd3bbbaf6c38b021867748068e5896734526746f5,generation/NW/15-v1.png.generation.json,,
run,NW,16,candidate/run/NW/16.png,generation/NW/16-v1.png,f6ac73d5374c46077fc797df26ba03b783b3e16065da27f4658b106bd73c9e0c,ad17f9eefb574408d86e11d91e47852704fbfa21bbf729df8d4c604edcbf1a24,generation/NW/16-v1.png.generation.json,,
run,W,1,candidate/run/W/01.png,generation/W/01-v1.png,220bc3c05a487e0b162358740e6878fd2c61b379731c2399980f1e38d905421e,b185298b8f16ec4f8a8432dac2ac8859c2dbc113a54ed3b70407001fcb559779,generation/W/01-v1.png.generation.json,,
run,W,2,candidate/run/W/02.png,generation/W/02-v1.png,9b04ee26d82a1f5772204a4db9e56702a5af7cf0b92af7482ddd00575c13b28f,79db7a4c98e84a67e7609f9343647f51c772025870d87519d463e0c619ac5136,generation/W/02-v1.png.generation.json,,
run,W,3,candidate/run/W/03.png,generation/W/03-v1.png,3269c2ac8734bef95a146b871d940ec53fd0f0d02c2d15648196654db499c8b4,6bb5d002659c7d01cfd3bcb94ee29dcbda6d04d14a4d1ecc6b77d776ae92d41f,generation/W/03-v1.png.generation.json,,
run,W,4,candidate/run/W/04.png,generation/W/04-v1.png,cd360d0407e5040798d22a050d0008509bdde9dade66f06bb3ace13b1d0c6ebe,850cb8df92b76b81a7c7fbf75319b84ae5943ea692ec300e04a6494e28d40922,generation/W/04-v1.png.generation.json,,
run,W,5,candidate/run/W/05.png,generation/W/05-v1.png,f0083487f5bab36a0eb209d39dcdea4894ca115f4f301a32031861405a47b70c,2571a4b3eaf197fd3c5921e9426ebbb22e966d8155dc621b8387292db4f1b3ea,generation/W/05-v1.png.generation.json,,
run,W,6,candidate/run/W/06.png,generation/W/06-v2.png,bcbd76bf9d98d8ce1679480ff1542cde669776a39328f62aa2bcd290dff7384b,e12b73d37e4a2cd7b1e2808a822d1961e0aca473462281cc69632ff68dc71910,generation/W/06-v2.png.generation.json,,
run,W,7,candidate/run/W/07.png,generation/W/08-v5.png,2dccf0552529002681123f809630b72af630538a8ca5621751edae8cb77499d3,f69c574af0db74177d1ffc3fa08978a98d981b99ec5fb13c5faaf39a8822a119,generation/W/08-v5.png.generation.json,,
run,W,8,candidate/run/W/08.png,generation/W/07-v3.png,e619651c6eaa626bb9936cb2587c94392f5894bc101137eb9f09855df8c9da76,d41d36845afd52a8e3e1f1aad19e1df95e8f075cd0041e212bda13231dfd76fd,generation/W/07-v3.png.generation.json,,
run,W,9,candidate/run/W/09.png,generation/W/09-v2.png,0061978bf3353100db4f760d88b01bb8b317f56c7f4b652c0285dea815cda44f,5b9c6a8b0638f8462029ffcd778d0d3b7281b934f92e2f71567bde238f11bf51,generation/W/09-v2.png.generation.json,,
run,W,10,candidate/run/W/10.png,generation/W/10-v2.png,ea9a81bffa1aaf12ea519c13728f50f9b2f9ffd48148472dfadd01907df469c4,2a2cc7fe16bd61a1b1b0ab9873ae5338e81a6d3394e282f866cc4d1b90c53909,generation/W/10-v2.png.generation.json,,
run,W,11,candidate/run/W/11.png,generation/W/11-v2.png,f11ddf0204ce4f0c3736eae0c6555d016f41d3552720860d1a3c8f57528ab15c,d65846c3e08d916e3985c012aeb69a65a17209944472e0a2c9523a7b487bf38c,generation/W/11-v2.png.generation.json,,
run,W,12,candidate/run/W/12.png,generation/W/12-v1.png,b1711330de13c4cbe12588c50034640ad5bb5b7c1eccac9aad9b7e6f770032cf,856876238533bf2da908ec21e0c8157d54e6812ae236e6591a5ecab844ab8242,generation/W/12-v1.png.generation.json,,
run,W,13,candidate/run/W/13.png,generation/W/13-v1.png,45bb839e47f7d6800b754bf5116dccf6ab126539c9f7231339591ef43e5ddbeb,23ca812e7ca3c4f90d2958c4375ef59ba89100907bb1342860a1592decb46b41,generation/W/13-v1.png.generation.json,,
run,W,14,candidate/run/W/14.png,generation/W/14-v1.png,b5db3e40b51d58b1b20ee76c239f55a3e65f631f4e11ea16511e94705857b315,d74c4e9f2713df50d2a970e5d5b70ba43c9862938af7a4b601ae47113959efab,generation/W/14-v1.png.generation.json,,
run,W,15,candidate/run/W/15.png,generation/W/15-v1.png,528a5e74e5e8ef3599d72ecf6c68fc895e0b4a537267395acb241526bca33aa9,eb883abf31d0a942aa44da4caa323a57da5dadeca32e47dd192a1def96037c52,generation/W/15-v1.png.generation.json,,
run,W,16,candidate/run/W/16.png,generation/W/16-v1.png,d434d0f375fdfb9286e9cc9083d2269e7354ccdf5d50877b404f13cf352ed508,b203e42a00f5acba1607b791d9fc0230921e41b846665e8f4f407500a98e736d,generation/W/16-v1.png.generation.json,,
run,SW,1,candidate/run/SW/01.png,generation/SW/01-v1.png,eea027fa8be5b52d7794ac120fa3ed84573d71bc68a67ef9539bb9de9d3d2d69,7f534b1c436a5ff1cc66d47d9efec98bc57bec9e464f8b94032288b1cb6d1a34,generation/SW/01-v1.png.generation.json,,
run,SW,2,candidate/run/SW/02.png,generation/SW/02-v1.png,65d0d2a59a93a7f7656402b115990a649008a1f4edfb86bb5f4d05b66684f0d7,84f1cd94c2af2ab694bf8a7d9a848ad782c0b55b56e338d8eec33cba521508bd,generation/SW/02-v1.png.generation.json,,
run,SW,3,candidate/run/SW/03.png,generation/SW/03-v1.png,d58013eeeeea67a88c81361efbe2d9594a4de2ecf1a3e9c65d44e2834f7c2b89,e11d9897e1a6da40516f6f3921c3bfc5ecb539f68cea16a5d469f24b5f2e49f9,generation/SW/03-v1.png.generation.json,,
run,SW,4,candidate/run/SW/04.png,generation/SW/04-v2.png,db469248b71bacba1b12eac6f45175a0bd234e02012193ed360ec55b768bb8b9,62ba3213ba97fc03cac82fa2a9ba48cc898df2b383f6f741e0c4d7bcf2806fe6,generation/SW/04-v2.png.generation.json,,
run,SW,5,candidate/run/SW/05.png,generation/SW/05-v2.png,9aaa8d89f7166cb5b117728e474cf27189b4fac9708ce0b5ab427ddbbb29e97a,80965d5535c25bc60898946afaf5dbdefae03df40328b4b24ff784480500f062,generation/SW/05-v2.png.generation.json,,
run,SW,6,candidate/run/SW/06.png,generation/SW/06-v1.png,1fe4e800df25b5b9f17f126a7068f70222b6499debe758bd1165b22f6a391f32,5851407a94f3304fc6ab934ef5fa4f64e49d8c434740487e4eec797df1859b75,generation/SW/06-v1.png.generation.json,,
run,SW,7,candidate/run/SW/07.png,generation/SW/07-v2.png,17f3df8c0ddf6da096f2b0e33e5be63ac0dafd6ad7ab190ab119f0067bae3efe,31221880f0e9ad7502eb4d0476f961e344cce2d6fec476a0a081af1146ed0b75,generation/SW/07-v2.png.generation.json,,
run,SW,8,candidate/run/SW/08.png,generation/SW/08-v1.png,72209654506d11856c65be432bafe11b8607e4f93753220b496e879bedcc7439,8d7cee4a4a29741c54bb571f17ef17a5d515dd43900c9b5e85ea612628ba0983,generation/SW/08-v1.png.generation.json,,
run,SW,9,candidate/run/SW/09.png,generation/SW/09-v2.png,556844eff8a79e70ad70e330c5201a6bf11297fd2a5b0a7610f2449b8c55ff9a,eb315ace2057534a674c0ad7dfe7c9946c08e776c380ed82a8eaee1cdcf3df26,generation/SW/09-v2.png.generation.json,,
run,SW,10,candidate/run/SW/10.png,generation/SW/10-v1.png,3aea08e89cb23aacd548f20db4b5ddf6e27a66ea077df41cef3ea3ec6640dd77,3d12ebe61a54245ed921cbdb5935f048377e4a5557c7e0c099d3c54992e42129,generation/SW/10-v1.png.generation.json,,
run,SW,11,candidate/run/SW/11.png,generation/SW/11-v1.png,4e58a84afcc385d2056979cd10bf2ee9827e684fa0d0d8b1286f2deb3dd93ed5,4eed89e466b3bb180de5a196981ea402e35d59637feab801b91279f6c56ee708,generation/SW/11-v1.png.generation.json,,
run,SW,12,candidate/run/SW/12.png,generation/SW/12-v2.png,8766c3dfb84b134244f5229f7abef0e7d02f96483e7f6dd023ceacaf6734b206,a70c20fca868cae51fab0f9d2b8a2d679edca43caad1fa9932d9710250623184,generation/SW/12-v2.png.generation.json,,
run,SW,13,candidate/run/SW/13.png,generation/SW/13-v1.png,44f188cbc382b67fcdbee9a4d068068bf9db026fc6f707816713df6925455a6d,234877690e05e3f3271d3f146d5215cbf28bed44b17cb656d622b642b6380bbe,generation/SW/13-v1.png.generation.json,,
run,SW,14,candidate/run/SW/14.png,generation/SW/14-v3.png,795c23b29a2b492c32244beb390326dd9e845b216ba3bb39cceb5b5cc349f1b5,88ad3d572163dfc2874a3276b4903fb37183d59e9170f45f9788c5a4c1a4c852,generation/SW/14-v3.png.generation.json,,
run,SW,15,candidate/run/SW/15.png,generation/SW/15-v1.png,3e710c3ee2d357944bec0fd14b9fea25970de46ba04a374fdf40f27d10b098b4,2d48e6c6bb6bd4112af28f8d7146da32e6816155038a618a7241dff2e1da3c28,generation/SW/15-v1.png.generation.json,,
run,SW,16,candidate/run/SW/16.png,generation/SW/16-v1.png,1ac80a52fabd3a8af40e75e0f89309a3e5a525f96773e6492b64fd28ef866604,1ec836db51097828768cda31471a437ff0b079e78a3b3fcc78c6222c3c1fe749,generation/SW/16-v1.png.generation.json,,
run,S,1,candidate/run/S/01.png,generation/S/01-v2.png,222058620ddd5e76f9faa4c4a5a9f43f2697d3550a283df23e1a4239535afdeb,12f30ed0e5d74a05f4fc55fe1d9ebeb746f63c4aeca6f195202a73022a19b558,generation/S/01-v2.png.generation.json,,
run,S,2,candidate/run/S/02.png,generation/S/02-v1.png,b529b7cc906245b8f6bcb606c39beb27aa9d9ef4a702e8c25a78939bbc2120a2,7e99678ab833311382f20f17869e5e8a4baf3a989c56672fedcfa18be5f971aa,generation/S/02-v1.png.generation.json,,
run,S,3,candidate/run/S/03.png,generation/S/03-v1.png,aa8eb40841a4ad1fb91114a481a6b63ff1de7bb7979be130bd1dd15f17b008fb,110d96fec3dd7a6d46a625300105a9f6dc17fe20dedc5cb91adbb3fda0d814f9,generation/S/03-v1.png.generation.json,,
run,S,4,candidate/run/S/04.png,generation/S/04-v2.png,f46dd81c0d8de482b3bf21331a75516003c0a001a09e6a39ce3aa6c80a74547e,febc37f4b4f3820f9c7ffbf9cfdccdae94808ed01f96c24dae10bf7f30238005,generation/S/04-v2.png.generation.json,,
run,S,5,candidate/run/S/05.png,generation/S/05-v1.png,e056dad6aeee23fd27bcd1464a877f2b567d4f3de254e07b49dfc5c3f25b7675,a1f3ffae204b2b8d738f80f237096b6b371cfccf19bf176fc1f68681d28f54e9,generation/S/05-v1.png.generation.json,,
run,S,6,candidate/run/S/06.png,generation/S/06-v1.png,0a6a4914e8ac9293fadc6e81950bf7c7906b3036c8564f8976c7c1cb62f4ba12,509044716c0a3ec400e69361e40b632c94ea15a2ac4adc2a99cf8a05d620ba62,generation/S/06-v1.png.generation.json,,
run,S,7,candidate/run/S/07.png,generation/S/04-v1.png,0c0ad1e2cb5b280fbc51b255002b6ed0c3809509d1ce3b0c79e3daf5690ac9e5,be5a1e9edc0779c4ca08db5c21aaaef42722f329335d973a95436c2e87c14a77,generation/S/04-v1.png.generation.json,,
run,S,8,candidate/run/S/08.png,generation/S/08-v1.png,24dfa51399251c7d50bffbbfa0411d038386dba43f4bf8d6532f8ec4561c04e8,e35fe8526a564995289e730171f224dddfd8eeb3483404795034f695a5dd8fb7,generation/S/08-v1.png.generation.json,,
run,S,9,candidate/run/S/09.png,generation/S/09-v1.png,9f9a337160c6e2cc6c2ee822815501d4a4e84c075ac978b5780d2a74fa5e500a,9505581ac8a3fb3fe4f6a6a8f722d1fc2d1ddc273a081f24f32fabb489637458,generation/S/09-v1.png.generation.json,,
run,S,10,candidate/run/S/10.png,generation/S/10-v2.png,5ed3147c0eb3cec66f90e1a7106f4bd0e886c1672451c9707c11196a0bb7d690,21ec1a799c3d875b95fdcf5937593b456099608d09e33e3db5acdfefe55c47b9,generation/S/10-v2.png.generation.json,,
run,S,11,candidate/run/S/11.png,generation/S/11-v1.png,7ab0e1cf48e594769cd6fa94f8f1d0dffbbccd893ea8614a4c1bb668af91c90c,b6c968026939457acba36fc3185cbfd781c7e0bdb15eeaea63080e7294d7c374,generation/S/11-v1.png.generation.json,,
run,S,12,candidate/run/S/12.png,generation/S/12-v2.png,00e0f466fe13b889ac75a1deee641084bbfe86f17f2b70eb0f05bd64bc3ce1a7,eb352a20db649500abad283bd7bfb5df97457930d6fab04d3f13ff52cd6468a7,generation/S/12-v2.png.generation.json,,
run,S,13,candidate/run/S/13.png,generation/S/13-v1.png,abe4420c27a856f1da7b36ee2b1dd436ff90809e7de0d92575c371fddae40bb0,efe9e10635ae930a85f3f1698b6619750e21bd87fe2634dcbabae5b27c3722f3,generation/S/13-v1.png.generation.json,,
run,S,14,candidate/run/S/14.png,generation/S/15-v2.png,5ee60ef9ff38942be3510fbf391a10ef4964470bd372b2ff189079a6d019f626,1097850a16fbfcb10ec55e9e50e4aed6c9e896d705a991a9edf1febce1e9e94f,generation/S/15-v2.png.generation.json,,
run,S,15,candidate/run/S/15.png,generation/S/14-v1.png,5ff2f2320bde47f3745a8ed634849b62f7cd309a6795b5a14f58db2661bdb0e7,0bd55ca30a368c49b942ff58522b04853e720b98db520b83de4338f86e562098,generation/S/14-v1.png.generation.json,,
run,S,16,candidate/run/S/16.png,generation/S/16-v1.png,14a01db1f911f7b501cd72959ae2bb7e194c97d03fc9317aae838e1a00fac26e,ae8c25bf21b821c80fb5255ac870d953c828db008ffcd20cd27b9fc6e1b9c570,generation/S/16-v1.png.generation.json,,
run,SE,1,candidate/run/SE/01.png,generation/SE/01-v1.png,ee15881620031c7becf6587276d967163bf2af049ed12e184f95d594e6895b01,2d36c432b7df86677045e66ee811c6960a8c87e2a8cf3df0daaca906f1d3877d,generation/SE/01-v1.png.generation.json,,
run,SE,2,candidate/run/SE/02.png,generation/SE/02-v1.png,c0be86ffc755b3e1ca94dd8168bd3354f0737ca2475d9cc5db300f48b3b10b53,5108806b8ddfe88254d0ac6bd1de9a9f9fd1ecf708b3e2a05b4616e3412f1b2b,generation/SE/02-v1.png.generation.json,,
run,SE,3,candidate/run/SE/03.png,generation/SE/03-v1.png,5ccee90c25f4cfad458848e357c13cfbf5fedb0c127f932e2228679cc2994085,aecb03c502f23c91429b3a958ce6d3a4150dde3c8d75727b5d5120e7cb64a476,generation/SE/03-v1.png.generation.json,,
run,SE,4,candidate/run/SE/04.png,generation/SE/04-v2.png,f9c6add1b0432a40cb9eecf631925c99bc9ee31584085aca98b8942ba5dde17a,1b76fcdc3b381012f34a0b11fed2a4bb7fd0705862efb3100ca8a0b4abfd2035,generation/SE/04-v2.png.generation.json,,
run,SE,5,candidate/run/SE/05.png,generation/SE/05-v1.png,5349da68a6a64e3021cfec7ce981a229ad7931cb0a28139474a2ff3a2c097c4e,238d0d0775321506b0b9829545ae84408712cd0a6d7879cc9fc0f10a5e8dd13c,generation/SE/05-v1.png.generation.json,,
run,SE,6,candidate/run/SE/06.png,generation/SE/06-v1.png,ad6277c0999abf4e6d536c32570a5d3ca8db92ac46c1a7bdc87f04a7c1562346,959caf1a73dab277a92bf24ee286af6ad61611e6bc39b8f2573c982a45c1952d,generation/SE/06-v1.png.generation.json,,
run,SE,7,candidate/run/SE/07.png,generation/SE/08-v1.png,195fc6ca2fdaa7a217b2c1fe6f5b7a60d9919beddc69682c5d13018888a8a65b,f4c6f9e05cdb41fef6913a4f210db1e5970efeb38dc5bb94af8a03bc85a43b67,generation/SE/08-v1.png.generation.json,,
run,SE,8,candidate/run/SE/08.png,generation/SE/07-v2.png,89faf3d7f848162671cc2a32f917cae054a6f990fa89bd5a1dcafbf311e5199b,ace51d5e57836ba21f64e936bbbfbe27c4d67819de8a512e47bdc5f5b19f28da,generation/SE/07-v2.png.generation.json,,
run,SE,9,candidate/run/SE/09.png,generation/SE/09-v1.png,9392ad2920974f0dbc7509df661409e6f2c69d5db002b1738457679e9ca6fb90,68b2212d8641c913064308a1003a9b97b1ef70d213272ebe00a45ef65950a4c0,generation/SE/09-v1.png.generation.json,,
run,SE,10,candidate/run/SE/10.png,generation/SE/10-v1.png,d11a8043fa7e16ce423ee902b9cc0b905635796e22ae43e800a65c14b93f4d03,c6ad8d1ea49d4e507d578309c14324c4727cb8225ce14e103aa03189de031c7f,generation/SE/10-v1.png.generation.json,,
run,SE,11,candidate/run/SE/11.png,generation/SE/11-v2.png,fd211eeb439db08fce222d8d6e079fbaaa6e5e846842c76084b663fc7d666987,420c0398b391483a734ac773a6fe0cafd57a371f0b2fb876c89d3cd39a6c9832,generation/SE/11-v2.png.generation.json,,
run,SE,12,candidate/run/SE/12.png,generation/SE/12-v2.png,a0e8049c94eda5d02b98d1c9aa0c511a0da6665f9278e35d7a5cbefbf07d70a4,08dd8ad913aef95032dd66dfcd100744082a75f9ed90037989255ac54536ff26,generation/SE/12-v2.png.generation.json,,
run,SE,13,candidate/run/SE/13.png,generation/SE/13-v1.png,3ce2674781a73b0608cedbb58d981118d5e07d002f9115443733421f5f2cde42,81700619d9fd1e3738b6dc542d289d7acf3dc8f0fcc38ded241fb01db7830758,generation/SE/13-v1.png.generation.json,,
run,SE,14,candidate/run/SE/14.png,generation/SE/14-v3.png,10a98a671742a35ca8296ab0c2ef8df79b369ae28a1bd689e2e49292a5a69c38,123937c37520c142dcc79d8b480ab764a7fc92f036cd936b063b1a006fbd9156,generation/SE/14-v3.png.generation.json,,
run,SE,15,candidate/run/SE/15.png,generation/SE/16-v1.png,b442efc5691022e6aac9393b6cba9e385b2a2f5a30d54224cf51d13324fec674,71ade3659a75ea7ee1d0297f85c1ab7c738e9a9d36e4d64f32c5ecb7a252d901,generation/SE/16-v1.png.generation.json,,
run,SE,16,candidate/run/SE/16.png,generation/SE/16-v2.png,d80d5acf29401eaf7858365cc3f7a7d4fba36d1dd52771afd1a031df430bb750,30bf9a9fc6fe33d7cc4d873e76cee421fb2aafa4df07ad7f9b5f428488b0ad97,generation/SE/16-v2.png.generation.json,,
hit,E,1,candidate/hit/E/01.png,generation/hit/E/01-v2.png,9fe464b4c1bc027705e569735711ae217bfed71c777172bd5d7cea991fb17470,4443cbc625b26c5a472d1884b63d33a6d58f0cc0fd44ea4321b4cdcd33a1017f,generation/hit/E/01-v2.png.generation.json,,
hit,E,2,candidate/hit/E/02.png,generation/hit/E/02-v2.png,32f01461ef2234a45ffc3f1ec135189ee602bd4ae1d259655ff535e87a061867,72567862d317a63e818ed947a516864eaeb37b6937135f900da9e623ff9e85e7,generation/hit/E/02-v2.png.generation.json,,
hit,E,3,candidate/hit/E/03.png,generation/hit/E/03-v3.png,1ba7a2e69e569cd8470db6658c2d2535d1c41c9a5fe8d4c51bf06dabf7cc5df9,e730cfc2ad80f19d38058fdf7802007e3a5fdb85abc9163c16c5fbffe663b1d9,generation/hit/E/03-v3.png.generation.json,,
hit,E,4,candidate/hit/E/04.png,generation/hit/E/04-v1.png,10ba816be98aaa881a955c04f1343faa33675b7fed09577f72e552e77a0e5d9b,c8a02ae51374f49199d593ed47f3ae98339134a8947910f89d2722d5f1a4e2ba,generation/hit/E/04-v1.png.generation.json,,
hit,E,5,candidate/hit/E/05.png,generation/hit/E/05-v1.png,52bfcf53d80f6131f6d85c08844b58a22125716ec1525d9efb6aabd51b37d4da,ecac34ad54d97c825bb498a2cfaec5f52484cec246f4b1e5bd0b0024a5404580,generation/hit/E/05-v1.png.generation.json,,
hit,E,6,candidate/hit/E/06.png,generation/hit/E/06-v1.png,7080960a5396c6fa33c30bdedd305f06d8e1bfe605ef81d4bc652f9c6e49335a,518d6c5753f3915cac9e913df584e872eaf48e43b23cccdb45fabebc3d8e9fee,generation/hit/E/06-v1.png.generation.json,,
hit,W,1,candidate/hit/W/01.png,generation/hit/W/01-v1.png,5764e428a60caf57764fe142bd1c54357dde2817fe3466e93158a90896013787,d48ed830f1a637d6d3891b735c91cad09203cb300e50450b1393b47a6caa59cf,generation/hit/W/01-v1.png.generation.json,,
hit,W,2,candidate/hit/W/02.png,generation/hit/W/02-v1.png,60f338dfb644c91a9a3451e53b4b97e4ec91f67eeb0e159a9302b4ff8359621b,030738d39358fa1bd72273510490030e686b03c70b3af120c4a04c885ef14ddf,generation/hit/W/02-v1.png.generation.json,,
hit,W,3,candidate/hit/W/03.png,generation/hit/W/03-v1.png,cb15b73b2e675a462d52b6476eeb48912c91adc42b79443b2416113bd4047678,358b0a59b42524f0f0963d41e558a5341b1aa28608a9236073101add55277d41,generation/hit/W/03-v1.png.generation.json,,
hit,W,4,candidate/hit/W/04.png,generation/hit/W/04-v1.png,259176687ff378eaed9c36a5a2221afbc8e9097787b8ed707890335f14923cc2,66da012507d8a02b90337969041be387415e3c7d765c2f923968175fd565f622,generation/hit/W/04-v1.png.generation.json,,
hit,W,5,candidate/hit/W/05.png,generation/hit/W/05-v1.png,315bc7d91560a567253c66318ef9fe1ada39a2644638dea5a6896bff2ff23fa6,a9fd7add67d2b821dc5cc0ff316be404e8193915983e567ad7e12d257f51a6b5,generation/hit/W/05-v1.png.generation.json,,
hit,W,6,candidate/hit/W/06.png,generation/hit/W/06-v1.png,0680a7f51cfcac4def97533542caf6f420976f9fd703cc8be1fde8a5cc38516e,26a62f4e83cd6775d337d8d3168e094e409d78199a81fa4b8ddc1c3c5c3dfb4b,generation/hit/W/06-v1.png.generation.json,,
attack,E,1,candidate/attack/E/01.png,generation/attack/E/01-v2.png,c4300687546f7ac55674d1422d8ec39991c8ef1b9957a28bba58671d041fa88a,2648cf521b30ef274ddbeef948a7e1f3bb893ce736afce4af99dbeffd5b596ac,generation/attack/E/01-v2.png.generation.json,,
attack,E,2,candidate/attack/E/02.png,generation/attack/E/02-v1.png,1987bffaa5a2712a4aaa870bd8c137b3ee93aeaeed256d376154365955973214,96f6197d73c45fbf56556818b9483d66654e0f2d07984f0f9f58928141f0e977,generation/attack/E/02-v1.png.generation.json,,
attack,E,3,candidate/attack/E/03.png,generation/attack/E/03-v1.png,30ae27c163ab71b3aeeb287467eee7d745993f49a8a0d4f10f9126a10361d15b,a3a489772c0714ef5b4afa964aedde11af4b615ba5e0608880f7b8a571d1da7a,generation/attack/E/03-v1.png.generation.json,,
attack,E,4,candidate/attack/E/04.png,generation/attack/E/04-v1.png,56c5e6254143a8c5661d30bbd9d78afde57437459bafe439969f4488c58f4ca6,5c5f42626ff22e3573edd181dcffda2eb3bbecbcfc0de6057bb4d1a63045d2c2,generation/attack/E/04-v1.png.generation.json,,
attack,E,5,candidate/attack/E/05.png,generation/attack/E/05-v2.png,d30d9a89e81a316bcaeefeee206cdc4f9dc9674be3b8bab0c23c7a191ae16397,161ba9d0af41b8fe00be1906d5f2298d098cfedeb93fb07dcba2aef493740899,generation/attack/E/05-v2.png.generation.json,,
attack,E,6,candidate/attack/E/06.png,generation/attack/E/06-v1.png,072f939a6d72ae30a316807d3a0e2107ae4cb5eec8d308cbce88ad6a9102fd33,0b0b3135dbbd5c5ef60153b6243267e7baa41c76cf7daddfa467f04d1f4caaa9,generation/attack/E/06-v1.png.generation.json,,
attack,E,7,candidate/attack/E/07.png,generation/attack/E/07-v1.png,0c710ac6213772a53ae7347dc41ad3090681e9c2609f907bee0d00f0b49640da,3c4d80d24986ff014fa2fd5b706a2e6dccc55338dc293831599fa11d692d3c2e,generation/attack/E/07-v1.png.generation.json,,
attack,E,8,candidate/attack/E/08.png,generation/attack/E/08-v1.png,654063025723b97218d49e56cd964533bcaf4a83d02fa9172b6392d0c6d95321,6d9e53c5c02550307cff22d85e8f781bd7e7f099f1db6455841e990571c7c7ef,generation/attack/E/08-v1.png.generation.json,,
attack,E,9,candidate/attack/E/09.png,generation/attack/E/09-v1.png,f6d668550c99463f89566a3dd701765105e729c96ba862badecc14e3c93cb522,7442b19ac344de777b96dcecb929d86d8ecb7ef708bab18ba63c039d714417b2,generation/attack/E/09-v1.png.generation.json,,
attack,E,10,candidate/attack/E/10.png,generation/attack/E/10-v1.png,4ac0f123e5d33f4f4c076f110be0cb9cae5dd718f8debfe4e25f857199ce5485,00c44e6fc14f8758b629c66e6da9953e28934d9e186213b788a45dc1c14ae028,generation/attack/E/10-v1.png.generation.json,,
attack,E,11,candidate/attack/E/11.png,generation/attack/E/11-v1.png,ce4af0aeafb97e0b40a9206943e8cf861a12d05a27c3d9ae260dfd7afd30a115,8b7f698f8f4169870dccbe68154addfefe446a8a450436a0a0f85b7655a5e3d6,generation/attack/E/11-v1.png.generation.json,,
attack,E,12,candidate/attack/E/12.png,generation/attack/E/12-v1.png,3f1ebd9a90646f35250163e1b8748ff860514157543c664f607c9dc5d9ea4677,ee40ad40b87f4c224c82ea8ead40479305709cf38625559e8c133a74a7fa4176,generation/attack/E/12-v1.png.generation.json,,
attack,W,1,candidate/attack/W/01.png,generation/attack/W/01-v2.png,f5ab270272f66b3835af75dfe379692c6ed988fe2ed4bde0da8ce41ba699c140,d4fdabca9a33e3a4577606bf56cc88bdf19de3254066200ede37e25189d67709,generation/attack/W/01-v2.png.generation.json,,
attack,W,2,candidate/attack/W/02.png,generation/attack/W/02-v1.png,836d36d266b662dfc83a83ef59f96bad10aa010dea9d97fc1d89fbcf50cc3004,d1834e566f47a90352e603a31fe87634b73672cc4fe4cfbfcb5a0aebfcfa2e6f,generation/attack/W/02-v1.png.generation.json,,
attack,W,3,candidate/attack/W/03.png,generation/attack/W/03-v1.png,5ced49e68ec00d9505d9dfddbbcb9f9ecc1dbc1e9f9c7c119f10c0ffe8733f4a,42faaea15b1bd2e58c35a2bfd00ee35fcb872d06c6589fbe97ac6b8a7b3fe578,generation/attack/W/03-v1.png.generation.json,,
attack,W,4,candidate/attack/W/04.png,generation/attack/W/04-v1.png,cce64045fa1537c20e331f94720f6a0e33751c8f90f18807d9650b7d9538a6f9,b49a00b42aece343a60c3ba90fd456d92d820ebae8cf315b583c19d4b47e1bad,generation/attack/W/04-v1.png.generation.json,,
attack,W,5,candidate/attack/W/05.png,generation/attack/W/05-v1.png,26c0a3ace30f19dca641b61fccbf7c9821704fca93b7c4664c6d8e8e827785d3,7244fa4af879604e2fcce2ee5904f15ab98f2a870ba0f5e59bf948dadfc01dd3,generation/attack/W/05-v1.png.generation.json,,
attack,W,6,candidate/attack/W/06.png,generation/attack/W/06-v1.png,930b54380ba523b88f32f24dab0b32bb29b9e155f50a2b77c7837fc3f8ffb309,e1afa1e2361dab63311c6ed01558c8eef36bcd179add64f7a4a080b704eb4525,generation/attack/W/06-v1.png.generation.json,,
attack,W,7,candidate/attack/W/07.png,generation/attack/W/07-v1.png,dd5b284fd18c7c5b2a7234b64118814aca0aa645e6b0cfc21125179b96d37938,afc23fa1b8c310ed4bc0d5dbc3e7ae1febdf638f24ca71077c0ba63d5e46ebeb,generation/attack/W/07-v1.png.generation.json,,
attack,W,8,candidate/attack/W/08.png,generation/attack/W/08-v1.png,fd3e8beef2fc4d3729e8452739d886c953de403738fff58d35d931c766344604,c13c65e4b8be816bb9e6959ffcb73446f79e3d759058cdf145469845369edbe9,generation/attack/W/08-v1.png.generation.json,,
attack,W,9,candidate/attack/W/09.png,generation/attack/W/09-v1.png,00f6afceaa21fc67d20923e2bb3d321e062cb282f824050ccf072a1a2094a1f5,847ba5a9c64febfad8f638c14c6b2c8d2ce93f14cece5f189e4ac43837b8820c,generation/attack/W/09-v1.png.generation.json,,
attack,W,10,candidate/attack/W/10.png,generation/attack/W/10-v3.png,b0575553bfe40773d2acafbe0b9bd9a33a94d99b7389f99883bd9cd35536aa00,4cec751936ef84b4d406fd006bea7c455693e59cd29af6a252f598879e57e19e,generation/attack/W/10-v3.png.generation.json,,
attack,W,11,candidate/attack/W/11.png,generation/attack/W/11-v1.png,fec7de2d95a59fc33bdc69424be0cc5455a67230c8ae7708e07d38f6d7fed1ad,449fa14503563768507158fe1e78feeaf89eeaf57e6c0b7c416efe648c484c48,generation/attack/W/11-v1.png.generation.json,,
attack,W,12,candidate/attack/W/12.png,generation/attack/W/12-v1.png,f667f45d848cbbb5bdfd7dfb41815946ccd4534863dbde73bbd4f9fe8e7c5ab6,aaa982cb39969897361d0f1e6ce524a43d8108355de9a62e66d4c6ca69ec3dd1,generation/attack/W/12-v1.png.generation.json,,
cast,E,1,candidate/cast/E/01.png,generation/cast/E/01-v3.png,895e2f2c27870f090894e5c9ea14f056ea77a3de13a090aa37e85c6faa9da855,38bfa0fc10bfee580834aa29b012351cfa153a6d945e36f917b536b27f439304,generation/cast/E/01-v3.png.generation.json,,
cast,E,2,candidate/cast/E/02.png,generation/cast/E/02-v1.png,eb7003921e125c2d252d7f56b14d50e08e654e30b9b87c99932b079de2cc025b,8ddb822bea142ff4fbdf73733e74f6de142a71aa3db9f9077f81b417d27f8e03,generation/cast/E/02-v1.png.generation.json,,
cast,E,3,candidate/cast/E/03.png,generation/cast/E/03-v1.png,773bfd9810dee91e629e99ba1d6d7dac4f8dc03af6b91c9294a82df5a2829ec4,5116d999845a2fd773d0df2fc3a3da9a316495946d428f9fcd1b87efaf781db0,generation/cast/E/03-v1.png.generation.json,,
cast,E,4,candidate/cast/E/04.png,generation/cast/E/04-v1.png,f67c535b78a73018a8f3711802db0a9cde5e590d8ec7454f2d8aaf7882d187c9,8083712a69f2215c4d1ac0e8ba5babb21f5cde880a1d2278f765ea7ff55bb23c,generation/cast/E/04-v1.png.generation.json,,
cast,E,5,candidate/cast/E/05.png,generation/cast/E/05-v1.png,d61695c1caf6279c07418284d0e6baf54fc0b90392a8eb03fa0e53396b09ffa4,7a5439f36ff689d9c4a3cd3fd53266db7b72bf0e03451b9f4ddb067da2b86bd2,generation/cast/E/05-v1.png.generation.json,,
cast,E,6,candidate/cast/E/06.png,generation/cast/E/06-v2.png,b792b1d26d87765eb228ffa511916bbc95ad731598a2e03e97224f3c87a52d4e,9e86e087888c64bab89740a5060865c3b2c88a4fa65fc0aa490cbf56d00813e0,generation/cast/E/06-v2.png.generation.json,,
cast,E,7,candidate/cast/E/07.png,generation/cast/E/07-v3.png,49956e86f9f7fb895b59dfe1f30f420c331b49e926f2d3ddf7327e85909c8de8,104539a4208e916685f5785b69ef0dce385a2b49b026856e53d990ed30cc542c,generation/cast/E/07-v3.png.generation.json,,
cast,E,8,candidate/cast/E/08.png,generation/cast/E/08-v4.png,e3146e898174bb2a73fcf78a0fe2d5ce722b71b17e801d5f8625f838a50ccbc8,b30cfdc1a5fcf561866b76b116a57e8f31e5a4118f97630546a5350203084b71,generation/cast/E/08-v4.png.generation.json,,
cast,E,9,candidate/cast/E/09.png,generation/cast/E/06-v1.png,f2e46a0b2f73e23b002e032b98f5c2371793d6ac60039f9849f9f3e15a25b4d9,e6840adfe48b89918a6f06139d16e6aae286bb70398638967f772e1ee5602578,generation/cast/E/06-v1.png.generation.json,,
cast,E,10,candidate/cast/E/10.png,generation/cast/E/10-v3.png,a3a7dd4c2800d7f65848f34a653a6d4884a4640b7e64d854713a7dadf3b5d96e,87fca55ff0b801fd4f1ca94928d08bba16d5ba3a9aeb2eaddf396fd520856685,generation/cast/E/10-v3.png.generation.json,,
cast,E,11,candidate/cast/E/11.png,generation/cast/E/11-v1.png,0dd3f07bb3f06f35bbebef462143e7ad72375a95e8e37af121b513f63960cafc,dfff1442b8550c1cc5fe72e370ae5cf86b46349363869ef74688742d3c29c416,generation/cast/E/11-v1.png.generation.json,,
cast,E,12,candidate/cast/E/12.png,generation/cast/E/12-v1.png,92e297a4de742f19ceb5ae68455aa070147fced35ba75bebf3a3f842ca310e0b,e4151da22622cb6e04ee4155450a9929a171d0d0541b8fcbaf988b2e00837765,generation/cast/E/12-v1.png.generation.json,,
cast,E,13,candidate/cast/E/13.png,generation/cast/E/13-v1.png,ff42f384518b261a7c065c86b9eb12e3c95d5351a8f3a31f46458833b71e174e,3ef790a9011ae775c8d037040db8edc2ac65fa4d5d0ffd8d90c2378047378331,generation/cast/E/13-v1.png.generation.json,,
cast,E,14,candidate/cast/E/14.png,generation/cast/E/10-v1.png,9d98f840244ea9bf8693ef7280078f0433772eea74332584fec880aef59f760b,0f69a43b2164d0e6412c42a35e0d59921cf439ff46c193fe4d2eb04dca504f41,generation/cast/E/10-v1.png.generation.json,,
cast,E,15,candidate/cast/E/15.png,generation/cast/E/15-v1.png,722e19b5483b8d374f4d3b8b6483ebbb2b1ba9e17b23e040b56c2ae570d18f23,40a5f4c05351b762a8f6317f770811a2444b82dd776acf1126abe4c52861a913,generation/cast/E/15-v1.png.generation.json,,
cast,E,16,candidate/cast/E/16.png,generation/cast/E/16-v2.png,f73789b554655f087eb5dffb0bf27fce94cd34fcfee17e56931d908e9c17ce44,30ebfb8837eb21560ea6831f8d7e31a3e91f3097f248dd4c8265f9cd1e1fb030,generation/cast/E/16-v2.png.generation.json,,
cast,W,1,candidate/cast/W/01.png,generation/cast/W/01-v1.png,6684a9b23ad1c65dccda594a3efecf368abfd88f8976ac5e2ce5e6cd1ff0e80a,0c91c28e20295e5141eb22f323d1ec40e15d8ce58a16ccfd6186a9b22c366ccd,generation/cast/W/01-v1.png.generation.json,,
cast,W,2,candidate/cast/W/02.png,generation/cast/W/02-v1.png,402f2d1b90b3c094e5904576378a0bb6f65f35d6ae58c1bc79fc74f3dcc14b2d,f5f9e6dfb6aa1a29181f4207d70098195223bfca9a582eb366996dffcb6e5d7d,generation/cast/W/02-v1.png.generation.json,,
cast,W,3,candidate/cast/W/03.png,generation/cast/W/03-v3.png,d124f908f04cfe9940bfb3b6d7ec8d83be1af953bf9bc1c8dd41aaa9d8655f58,21f8a991aaf5c0565539920bda30d10aef62d3b0682d34671bfa2519a9e001b7,generation/cast/W/03-v3.png.generation.json,,
cast,W,4,candidate/cast/W/04.png,generation/cast/W/04-v1.png,72a1b69ff480b7f8953c77d4198a22825985bc7a8f82c05048e349d0c3ddd89f,368c589b82604595858b31b3c21f6ba4a3362b8e4bc9a9c46d54e6ae89a38258,generation/cast/W/04-v1.png.generation.json,,
cast,W,5,candidate/cast/W/05.png,generation/cast/W/05-v2.png,4e32d9655eba2604f4e1871ec0965109527386e332521f78789edd5be1fbbb05,186353c614211242e79648177d70caaa724257d17cc7ae3c34af4092dee52034,generation/cast/W/05-v2.png.generation.json,,
cast,W,6,candidate/cast/W/06.png,generation/cast/W/08-v1.png,d4bde76cdefc5b7d24b470df35abbd16449b5627653ca18f87ece53fa118b79f,3ba0dfeb6f3adcc757fa16a15fa44ac8fd39e03d3a30862f2fb0b187dd266139,generation/cast/W/08-v1.png.generation.json,,
cast,W,7,candidate/cast/W/07.png,generation/cast/W/06-v1.png,b0d82b991b8e373bbafcb9eb206b01363977ee7bb25f78d66400888812130982,cbddf8ef053c548120c945082da1599d59acacbb63a7b3ae0af12575308167a7,generation/cast/W/06-v1.png.generation.json,,
cast,W,8,candidate/cast/W/08.png,generation/cast/W/07-v1.png,e2cec372b4632a2227db5d9f1d7f536b20746dc62ce30a34f32bc64146f55b0d,a25e825483abf01997155bd659cfd91b61c37749af78eee6b539f546129f0785,generation/cast/W/07-v1.png.generation.json,,
cast,W,9,candidate/cast/W/09.png,generation/cast/W/05-v1.png,c8c6d9681409d4d5ece4f581803c21cb57196d3254ae6f1a5b3f43fcb45c1234,01073d599815c40b3eb3e7106efc8427e88a42b26b3127395dee13f8fca70138,generation/cast/W/05-v1.png.generation.json,,
cast,W,10,candidate/cast/W/10.png,generation/cast/W/10-v1.png,2a74212f4b8c78eb753e2519cd1e73a547134c3d8e3955f4d9d0a37efd5f5dec,d9de1c988adf09f22af8af416f0a868187cacf93a50936cc186873f78817642e,generation/cast/W/10-v1.png.generation.json,,
cast,W,11,candidate/cast/W/11.png,generation/cast/W/11-v1.png,d559b325d23f219bc4651c37677601b9cff7dfa2519112afca9d2def045f079c,f6b4f2f19bfd65fc7a057b49d8dcbbbb9d6412ec1e9a942d5163672f34aa8d55,generation/cast/W/11-v1.png.generation.json,,
cast,W,12,candidate/cast/W/12.png,generation/cast/W/12-v2.png,5dea08a9ae39e6d50ecd21a9c9a1ec157c613b998fff8d62017f5376dd5051c2,2fccc00d5ec40d0cffa66b01789814b0f6c9cbb6c918e22fc648ca54f235aa2a,generation/cast/W/12-v2.png.generation.json,,
cast,W,13,candidate/cast/W/13.png,generation/cast/W/13-v1.png,f618f8df867c3261e812510d8d65f3c93d5bc9d74dfad2d80d49a1560698879e,04ecf74b5f064bcd577e9b43cfa20b61341d818f92858c57dc0c744e9b2b0a08,generation/cast/W/13-v1.png.generation.json,,
cast,W,14,candidate/cast/W/14.png,generation/cast/W/14-v1.png,46818ea26ffbe34cf3a56cf2d69ac9776758589743d57aaa3e969a6c29ba614e,231fb4bc2f7e2c4c377a1ff8ca4686af87ceb2b206835e788143622dff6179ff,generation/cast/W/14-v1.png.generation.json,,
cast,W,15,candidate/cast/W/15.png,generation/cast/W/15-v1.png,52cbd9955e863fe4ef718018c6d9ef39f28663d53df0b134b0a38a54f662c60d,242c77ba693ab354d620f273b7f7129295a7a20453d8e4e5d2e0e5b6514dfc4a,generation/cast/W/15-v1.png.generation.json,,
cast,W,16,candidate/cast/W/16.png,generation/cast/W/16-v1.png,1225e360fe8baf1118636c02a0f11f2556dc8c26a5665da965cc0970f87bafa6,b6e97f616162bedf06857107443115e5a87aa51749d9b5f770bde927bf4571d9,generation/cast/W/16-v1.png.generation.json,,
